[{"model": "product.product", "pk": 1, "fields": {"prd_owner": 1, "prd_process_id": null, "prd_class": 2, "prd_name": "galaxy_cluster_sample", "prd_display_name": "Galaxy Cluster Sample", "prd_user_display_name": null, "prd_product_id": null, "prd_version": null, "prd_description": null, "prd_filter": null, "prd_date": "2024-04-29T14:30:51.833Z", "prd_is_public": false, "prd_is_permanent": false}}, {"model": "product.product", "pk": 2, "fields": {"prd_owner": 1, "prd_process_id": null, "prd_class": 100, "prd_name": "cluster_members_sample", "prd_display_name": "Cluster Members Sample", "prd_user_display_name": null, "prd_product_id": null, "prd_version": null, "prd_description": null, "prd_filter": null, "prd_date": "2024-04-29T14:44:22.081Z", "prd_is_public": false, "prd_is_permanent": false}}, {"model": "product.product", "pk": 3, "fields": {"prd_owner": 1, "prd_process_id": null, "prd_class": 1, "prd_name": "bright_stars_g_band", "prd_display_name": "Bright Stars g band", "prd_user_display_name": null, "prd_product_id": null, "prd_version": null, "prd_description": null, "prd_filter": null, "prd_date": "2024-04-29T16:21:35.740Z", "prd_is_public": false, "prd_is_permanent": false}}, {"model": "product.product", "pk": 4, "fields": {"prd_owner": 1, "prd_process_id": null, "prd_class": 1, "prd_name": "bright_galaxies_i_band", "prd_display_name": "Bright Galaxies i band", "prd_user_display_name": null, "prd_product_id": null, "prd_version": null, "prd_description": null, "prd_filter": null, "prd_date": "2024-04-29T16:24:30.177Z", "prd_is_public": false, "prd_is_permanent": false}}, {"model": "product.product", "pk": 7, "fields": {"prd_owner": 1, "prd_process_id": null, "prd_class": 6, "prd_name": "variablility_final_sample", "prd_display_name": "Variablility Final Sample", "prd_user_display_name": null, "prd_product_id": null, "prd_version": null, "prd_description": null, "prd_filter": null, "prd_date": "2024-04-29T18:10:04.645Z", "prd_is_public": false, "prd_is_permanent": false}}, {"model": "product.product", "pk": 8, "fields": {"prd_owner": 1, "prd_process_id": null, "prd_class": 6, "prd_name": "strong_lensing_cand", "prd_display_name": "Strong Lensing cand", "prd_user_display_name": null, "prd_product_id": null, "prd_version": null, "prd_description": null, "prd_filter": null, "prd_date": "2024-05-02T18:23:32.677Z", "prd_is_public": false, "prd_is_permanent": false}}, {"model": "product.product", "pk": 9, "fields": {"prd_owner": 1, "prd_process_id": null, "prd_class": 162, "prd_name": "dr2_frac_detection_g", "prd_display_name": "DR2 frac detection g", "prd_user_display_name": null, "prd_product_id": null, "prd_version": null, "prd_description": null, "prd_filter": 2, "prd_date": "2024-08-05T16:12:13.939Z", "prd_is_public": true, "prd_is_permanent": true}}, {"model": "product.product", "pk": 10, "fields": {"prd_owner": 1, "prd_process_id": null, "prd_class": 162, "prd_name": "dr2_frac_detection_r", "prd_display_name": "DR2 frac detection r", "prd_user_display_name": null, "prd_product_id": null, "prd_version": null, "prd_description": null, "prd_filter": 3, "prd_date": "2024-08-08T15:50:03.611Z", "prd_is_public": true, "prd_is_permanent": true}}, {"model": "product.product", "pk": 11, "fields": {"prd_owner": 1, "prd_process_id": null, "prd_class": 162, "prd_name": "dr2_frac_detection_i", "prd_display_name": "DR2 frac detection i", "prd_user_display_name": null, "prd_product_id": null, "prd_version": null, "prd_description": null, "prd_filter": 4, "prd_date": "2024-08-08T15:50:42.130Z", "prd_is_public": true, "prd_is_permanent": true}}, {"model": "product.product", "pk": 12, "fields": {"prd_owner": 1, "prd_process_id": null, "prd_class": 162, "prd_name": "dr2_frac_detection_z", "prd_display_name": "DR2 frac detection z", "prd_user_display_name": null, "prd_product_id": null, "prd_version": null, "prd_description": null, "prd_filter": 5, "prd_date": "2024-08-08T15:51:18.040Z", "prd_is_public": true, "prd_is_permanent": true}}, {"model": "product.product", "pk": 13, "fields": {"prd_owner": 1, "prd_process_id": null, "prd_class": 162, "prd_name": "dr2_frac_detection_y", "prd_display_name": "DR2 frac detection Y", "prd_user_display_name": null, "prd_product_id": null, "prd_version": null, "prd_description": null, "prd_filter": 6, "prd_date": "2024-08-08T15:51:55.727Z", "prd_is_public": true, "prd_is_permanent": true}}, {"model": "product.product", "pk": 14, "fields": {"prd_owner": 1, "prd_process_id": null, "prd_class": 181, "prd_name": "des_dr2_main", "prd_display_name": "DES DR2 Main", "prd_user_display_name": null, "prd_product_id": null, "prd_version": null, "prd_description": null, "prd_filter": null, "prd_date": "2024-09-23T19:47:05.341Z", "prd_is_public": false, "prd_is_permanent": false}}, {"model": "product.product", "pk": 16, "fields": {"prd_owner": 1, "prd_process_id": null, "prd_class": 182, "prd_name": "gaia_dr3_source", "prd_display_name": "GAIA DR3 Source", "prd_user_display_name": null, "prd_product_id": null, "prd_version": null, "prd_description": null, "prd_filter": null, "prd_date": "2024-09-23T19:34:45.051Z", "prd_is_public": true, "prd_is_permanent": true}}, {"model": "product.product", "pk": 18, "fields": {"prd_owner": 1, "prd_process_id": null, "prd_class": 183, "prd_name": "twomass_psc", "prd_display_name": "2MASS psc", "prd_user_display_name": null, "prd_product_id": null, "prd_version": null, "prd_description": null, "prd_filter": null, "prd_date": "2024-09-23T19:40:57.861Z", "prd_is_public": false, "prd_is_permanent": false}}, {"model": "product.productrelease", "pk": 1, "fields": {"product": 1, "release": 25}}, {"model": "product.productrelease", "pk": 2, "fields": {"product": 2, "release": 25}}, {"model": "product.productrelease", "pk": 3, "fields": {"product": 2, "release": 25}}, {"model": "product.productrelease", "pk": 4, "fields": {"product": 3, "release": 25}}, {"model": "product.productrelease", "pk": 5, "fields": {"product": 3, "release": 25}}, {"model": "product.productrelease", "pk": 6, "fields": {"product": 4, "release": 25}}, {"model": "product.productrelease", "pk": 7, "fields": {"product": 9, "release": 25}}, {"model": "product.productrelease", "pk": 8, "fields": {"product": 10, "release": 25}}, {"model": "product.productrelease", "pk": 9, "fields": {"product": 11, "release": 25}}, {"model": "product.productrelease", "pk": 10, "fields": {"product": 12, "release": 25}}, {"model": "product.productrelease", "pk": 11, "fields": {"product": 13, "release": 25}}, {"model": "product.table", "pk": 1, "fields": {"tbl_database": "catalog", "tbl_schema": "dri_catalog", "tbl_name": "galaxy_clusters_sample", "tbl_rows": 200, "tbl_num_columns": 111, "tbl_size": 180224}}, {"model": "product.table", "pk": 2, "fields": {"tbl_database": "catalog", "tbl_schema": "dri_catalog", "tbl_name": "cluster_members_sample", "tbl_rows": 22508, "tbl_num_columns": 33, "tbl_size": 5955584}}, {"model": "product.table", "pk": 3, "fields": {"tbl_database": "catalog", "tbl_schema": "dri_catalog", "tbl_name": "bright_stars_g_band", "tbl_rows": 1000, "tbl_num_columns": 7, "tbl_size": 147456}}, {"model": "product.table", "pk": 4, "fields": {"tbl_database": "catalog", "tbl_schema": "dri_catalog", "tbl_name": "bright_galaxies_i_band", "tbl_rows": 1000, "tbl_num_columns": 7, "tbl_size": 147456}}, {"model": "product.table", "pk": 7, "fields": {"tbl_database": "catalog", "tbl_schema": "dri_catalog", "tbl_name": "variablility_final_sample", "tbl_rows": 59, "tbl_num_columns": 9, "tbl_size": 32768}}, {"model": "product.table", "pk": 8, "fields": {"tbl_database": "", "tbl_schema": "dri_catalog", "tbl_name": "strong_lensing_cand", "tbl_rows": 1192, "tbl_num_columns": 8, "tbl_size": 278528}}, {"model": "product.table", "pk": 9, "fields": {"tbl_database": null, "tbl_schema": null, "tbl_name": "not_exist", "tbl_rows": null, "tbl_num_columns": null, "tbl_size": null}}, {"model": "product.table", "pk": 10, "fields": {"tbl_database": null, "tbl_schema": null, "tbl_name": "not_exist", "tbl_rows": null, "tbl_num_columns": null, "tbl_size": null}}, {"model": "product.table", "pk": 11, "fields": {"tbl_database": null, "tbl_schema": null, "tbl_name": "not_exist", "tbl_rows": null, "tbl_num_columns": null, "tbl_size": null}}, {"model": "product.table", "pk": 12, "fields": {"tbl_database": null, "tbl_schema": null, "tbl_name": "not_exist", "tbl_rows": null, "tbl_num_columns": null, "tbl_size": null}}, {"model": "product.table", "pk": 13, "fields": {"tbl_database": null, "tbl_schema": null, "tbl_name": "not_exist", "tbl_rows": null, "tbl_num_columns": null, "tbl_size": null}}, {"model": "product.table", "pk": 14, "fields": {"tbl_database": "prod_gavo", "tbl_schema": "des_dr2", "tbl_name": "main", "tbl_rows": 691515000, "tbl_num_columns": 215, "tbl_size": 4348121530368}}, {"model": "product.table", "pk": 16, "fields": {"tbl_database": "prod_gavo", "tbl_schema": "gaia_dr3", "tbl_name": "source", "tbl_rows": 1811709800, "tbl_num_columns": 152, "tbl_size": 1318528000000}}, {"model": "product.table", "pk": 18, "fields": {"tbl_database": "prod_gavo", "tbl_schema": "twomass", "tbl_name": "psc", "tbl_rows": 470992960, "tbl_num_columns": 60, "tbl_size": 220063399936}}, {"model": "product.catalog", "pk": 1, "fields": {"ctl_num_objects": 200}}, {"model": "product.catalog", "pk": 2, "fields": {"ctl_num_objects": 22508}}, {"model": "product.catalog", "pk": 3, "fields": {"ctl_num_objects": 1000}}, {"model": "product.catalog", "pk": 4, "fields": {"ctl_num_objects": 1000}}, {"model": "product.catalog", "pk": 7, "fields": {"ctl_num_objects": 59}}, {"model": "product.catalog", "pk": 8, "fields": {"ctl_num_objects": 1192}}, {"model": "product.catalog", "pk": 14, "fields": {"ctl_num_objects": 691515000}}, {"model": "product.catalog", "pk": 16, "fields": {"ctl_num_objects": 1811709800}}, {"model": "product.catalog", "pk": 18, "fields": {"ctl_num_objects": 470992960}}, {"model": "product.map", "pk": 9, "fields": {"mpa_nside": 4096, "mpa_ordering": "nest"}}, {"model": "product.map", "pk": 10, "fields": {"mpa_nside": 4096, "mpa_ordering": "nest"}}, {"model": "product.map", "pk": 11, "fields": {"mpa_nside": 4096, "mpa_ordering": "nest"}}, {"model": "product.map", "pk": 12, "fields": {"mpa_nside": 4096, "mpa_ordering": "nest"}}, {"model": "product.map", "pk": 13, "fields": {"mpa_nside": 4096, "mpa_ordering": "nest"}}, {"model": "product.productcontent", "pk": 1, "fields": {"pcn_product_id": 1, "pcn_column_name": "seqnr", "pcn_ucd": null}}, {"model": "product.productcontent", "pk": 2, "fields": {"pcn_product_id": 1, "pcn_column_name": "detection_tile", "pcn_ucd": null}}, {"model": "product.productcontent", "pk": 3, "fields": {"pcn_product_id": 1, "pcn_column_name": "iz_init", "pcn_ucd": null}}, {"model": "product.productcontent", "pk": 4, "fields": {"pcn_product_id": 1, "pcn_column_name": "iz_final", "pcn_ucd": null}}, {"model": "product.productcontent", "pk": 5, "fields": {"pcn_product_id": 1, "pcn_column_name": "peak_id_tile_iz", "pcn_ucd": null}}, {"model": "product.productcontent", "pk": 6, "fields": {"pcn_product_id": 1, "pcn_column_name": "id_in_tile", "pcn_ucd": null}}, {"model": "product.productcontent", "pk": 7, "fields": {"pcn_product_id": 1, "pcn_column_name": "ra", "pcn_ucd": null}}, {"model": "product.productcontent", "pk": 8, "fields": {"pcn_product_id": 1, "pcn_column_name": "dec", "pcn_ucd": null}}, {"model": "product.productcontent", "pk": 9, "fields": {"pcn_product_id": 1, "pcn_column_name": "zp", "pcn_ucd": null}}, {"model": "product.productcontent", "pk": 10, "fields": {"pcn_product_id": 1, "pcn_column_name": "zp_median", "pcn_ucd": null}}, {"model": "product.productcontent", "pk": 11, "fields": {"pcn_product_id": 1, "pcn_column_name": "z_init", "pcn_ucd": null}}, {"model": "product.productcontent", "pk": 12, "fields": {"pcn_product_id": 1, "pcn_column_name": "zmin_cl", "pcn_ucd": null}}, {"model": "product.productcontent", "pk": 13, "fields": {"pcn_product_id": 1, "pcn_column_name": "zmax_cl", "pcn_ucd": null}}, {"model": "product.productcontent", "pk": 14, "fields": {"pcn_product_id": 1, "pcn_column_name": "zmin_95_cl", "pcn_ucd": null}}, {"model": "product.productcontent", "pk": 15, "fields": {"pcn_product_id": 1, "pcn_column_name": "zmax_95_cl", "pcn_ucd": null}}, {"model": "product.productcontent", "pk": 16, "fields": {"pcn_product_id": 1, "pcn_column_name": "mstar_cl", "pcn_ucd": null}}, {"model": "product.productcontent", "pk": 17, "fields": {"pcn_product_id": 1, "pcn_column_name": "xpeak", "pcn_ucd": null}}, {"model": "product.productcontent", "pk": 18, "fields": {"pcn_product_id": 1, "pcn_column_name": "ypeak", "pcn_ucd": null}}, {"model": "product.productcontent", "pk": 19, "fields": {"pcn_product_id": 1, "pcn_column_name": "radius_iso_mpc", "pcn_ucd": null}}, {"model": "product.productcontent", "pk": 20, "fields": {"pcn_product_id": 1, "pcn_column_name": "radius__saddle_mpc", "pcn_ucd": null}}, {"model": "product.productcontent", "pk": 21, "fields": {"pcn_product_id": 1, "pcn_column_name": "maxwave", "pcn_ucd": null}}, {"model": "product.productcontent", "pk": 22, "fields": {"pcn_product_id": 1, "pcn_column_name": "flux_wave", "pcn_ucd": null}}, {"model": "product.productcontent", "pk": 23, "fields": {"pcn_product_id": 1, "pcn_column_name": "flag_merge", "pcn_ucd": null}}, {"model": "product.productcontent", "pk": 24, "fields": {"pcn_product_id": 1, "pcn_column_name": "sigma_dz_init", "pcn_ucd": null}}, {"model": "product.productcontent", "pk": 25, "fields": {"pcn_product_id": 1, "pcn_column_name": "sigma_dz_eff", "pcn_ucd": null}}, {"model": "product.productcontent", "pk": 26, "fields": {"pcn_product_id": 1, "pcn_column_name": "flag_zp", "pcn_ucd": null}}, {"model": "product.productcontent", "pk": 27, "fields": {"pcn_product_id": 1, "pcn_column_name": "ngal_for_zp", "pcn_ucd": null}}, {"model": "product.productcontent", "pk": 28, "fields": {"pcn_product_id": 1, "pcn_column_name": "flag_iz", "pcn_ucd": null}}, {"model": "product.productcontent", "pk": 29, "fields": {"pcn_product_id": 1, "pcn_column_name": "global_nbkg_zm", "pcn_ucd": null}}, {"model": "product.productcontent", "pk": 30, "fields": {"pcn_product_id": 1, "pcn_column_name": "global_lbkg_zm", "pcn_ucd": null}}, {"model": "product.productcontent", "pk": 31, "fields": {"pcn_product_id": 1, "pcn_column_name": "sig_nbkg_zm", "pcn_ucd": null}}, {"model": "product.productcontent", "pk": 32, "fields": {"pcn_product_id": 1, "pcn_column_name": "sig_lbkg_zm", "pcn_ucd": null}}, {"model": "product.productcontent", "pk": 33, "fields": {"pcn_product_id": 1, "pcn_column_name": "local_nbkg_zm", "pcn_ucd": null}}, {"model": "product.productcontent", "pk": 34, "fields": {"pcn_product_id": 1, "pcn_column_name": "local_lbkg_zm", "pcn_ucd": null}}, {"model": "product.productcontent", "pk": 35, "fields": {"pcn_product_id": 1, "pcn_column_name": "area_local_bkg", "pcn_ucd": null}}, {"model": "product.productcontent", "pk": 36, "fields": {"pcn_product_id": 1, "pcn_column_name": "masked_frac_1mpc", "pcn_ucd": null}}, {"model": "product.productcontent", "pk": 37, "fields": {"pcn_product_id": 1, "pcn_column_name": "masked_frac_05mpc", "pcn_ucd": null}}, {"model": "product.productcontent", "pk": 38, "fields": {"pcn_product_id": 1, "pcn_column_name": "masked_frac_03mpc", "pcn_ucd": null}}, {"model": "product.productcontent", "pk": 39, "fields": {"pcn_product_id": 1, "pcn_column_name": "snr", "pcn_ucd": null}}, {"model": "product.productcontent", "pk": 40, "fields": {"pcn_product_id": 1, "pcn_column_name": "snr_lgals", "pcn_ucd": null}}, {"model": "product.productcontent", "pk": 41, "fields": {"pcn_product_id": 1, "pcn_column_name": "contrast_ngals", "pcn_ucd": null}}, {"model": "product.productcontent", "pk": 42, "fields": {"pcn_product_id": 1, "pcn_column_name": "contrast_lgals", "pcn_ucd": null}}, {"model": "product.productcontent", "pk": 43, "fields": {"pcn_product_id": 1, "pcn_column_name": "dmag_core", "pcn_ucd": null}}, {"model": "product.productcontent", "pk": 44, "fields": {"pcn_product_id": 1, "pcn_column_name": "dmag_bcg", "pcn_ucd": null}}, {"model": "product.productcontent", "pk": 45, "fields": {"pcn_product_id": 1, "pcn_column_name": "dist_bcg", "pcn_ucd": null}}, {"model": "product.productcontent", "pk": 46, "fields": {"pcn_product_id": 1, "pcn_column_name": "ngals_test", "pcn_ucd": null}}, {"model": "product.productcontent", "pk": 47, "fields": {"pcn_product_id": 1, "pcn_column_name": "ngals_cen", "pcn_ucd": null}}, {"model": "product.productcontent", "pk": 48, "fields": {"pcn_product_id": 1, "pcn_column_name": "lgals_cen", "pcn_ucd": null}}, {"model": "product.productcontent", "pk": 49, "fields": {"pcn_product_id": 1, "pcn_column_name": "local_nbkg", "pcn_ucd": null}}, {"model": "product.productcontent", "pk": 50, "fields": {"pcn_product_id": 1, "pcn_column_name": "local_lbkg", "pcn_ucd": null}}, {"model": "product.productcontent", "pk": 51, "fields": {"pcn_product_id": 1, "pcn_column_name": "global_nbkg", "pcn_ucd": null}}, {"model": "product.productcontent", "pk": 52, "fields": {"pcn_product_id": 1, "pcn_column_name": "global_lbkg", "pcn_ucd": null}}, {"model": "product.productcontent", "pk": 53, "fields": {"pcn_product_id": 1, "pcn_column_name": "sig_nbkg", "pcn_ucd": null}}, {"model": "product.productcontent", "pk": 54, "fields": {"pcn_product_id": 1, "pcn_column_name": "sig_lbkg", "pcn_ucd": null}}, {"model": "product.productcontent", "pk": 55, "fields": {"pcn_product_id": 1, "pcn_column_name": "out_of_cyl", "pcn_ucd": null}}, {"model": "product.productcontent", "pk": 56, "fields": {"pcn_product_id": 1, "pcn_column_name": "cyl_nsl", "pcn_ucd": null}}, {"model": "product.productcontent", "pk": 57, "fields": {"pcn_product_id": 1, "pcn_column_name": "parent_cyl_nsl", "pcn_ucd": null}}, {"model": "product.productcontent", "pk": 58, "fields": {"pcn_product_id": 1, "pcn_column_name": "zmin_cyl", "pcn_ucd": null}}, {"model": "product.productcontent", "pk": 59, "fields": {"pcn_product_id": 1, "pcn_column_name": "zmax_cyl", "pcn_ucd": null}}, {"model": "product.productcontent", "pk": 60, "fields": {"pcn_product_id": 1, "pcn_column_name": "iz_min_cyl", "pcn_ucd": null}}, {"model": "product.productcontent", "pk": 61, "fields": {"pcn_product_id": 1, "pcn_column_name": "iz_max_cyl", "pcn_ucd": null}}, {"model": "product.productcontent", "pk": 62, "fields": {"pcn_product_id": 1, "pcn_column_name": "contrast_cyl", "pcn_ucd": null}}, {"model": "product.productcontent", "pk": 63, "fields": {"pcn_product_id": 1, "pcn_column_name": "nmax_cyl", "pcn_ucd": null}}, {"model": "product.productcontent", "pk": 64, "fields": {"pcn_product_id": 1, "pcn_column_name": "flag_duplicate", "pcn_ucd": null}}, {"model": "product.productcontent", "pk": 65, "fields": {"pcn_product_id": 1, "pcn_column_name": "king_rc", "pcn_ucd": null}}, {"model": "product.productcontent", "pk": 66, "fields": {"pcn_product_id": 1, "pcn_column_name": "king_d0", "pcn_ucd": null}}, {"model": "product.productcontent", "pk": 67, "fields": {"pcn_product_id": 1, "pcn_column_name": "king_chi2", "pcn_ucd": null}}, {"model": "product.productcontent", "pk": 68, "fields": {"pcn_product_id": 1, "pcn_column_name": "radius_mpc", "pcn_ucd": null}}, {"model": "product.productcontent", "pk": 69, "fields": {"pcn_product_id": 1, "pcn_column_name": "radius_mpc_cor", "pcn_ucd": null}}, {"model": "product.productcontent", "pk": 70, "fields": {"pcn_product_id": 1, "pcn_column_name": "radius_amin", "pcn_ucd": null}}, {"model": "product.productcontent", "pk": 71, "fields": {"pcn_product_id": 1, "pcn_column_name": "radius_max_contrast", "pcn_ucd": null}}, {"model": "product.productcontent", "pk": 72, "fields": {"pcn_product_id": 1, "pcn_column_name": "radius_500kpc_amin", "pcn_ucd": null}}, {"model": "product.productcontent", "pk": 73, "fields": {"pcn_product_id": 1, "pcn_column_name": "radius_1mpc_amin", "pcn_ucd": null}}, {"model": "product.productcontent", "pk": 74, "fields": {"pcn_product_id": 1, "pcn_column_name": "nmem", "pcn_ucd": null}}, {"model": "product.productcontent", "pk": 75, "fields": {"pcn_product_id": 1, "pcn_column_name": "ngals", "pcn_ucd": null}}, {"model": "product.productcontent", "pk": 76, "fields": {"pcn_product_id": 1, "pcn_column_name": "ngals_cor", "pcn_ucd": null}}, {"model": "product.productcontent", "pk": 77, "fields": {"pcn_product_id": 1, "pcn_column_name": "ngals_r300", "pcn_ucd": null}}, {"model": "product.productcontent", "pk": 78, "fields": {"pcn_product_id": 1, "pcn_column_name": "ngals_r500", "pcn_ucd": null}}, {"model": "product.productcontent", "pk": 79, "fields": {"pcn_product_id": 1, "pcn_column_name": "lgals", "pcn_ucd": null}}, {"model": "product.productcontent", "pk": 80, "fields": {"pcn_product_id": 1, "pcn_column_name": "lgals_r300", "pcn_ucd": null}}, {"model": "product.productcontent", "pk": 81, "fields": {"pcn_product_id": 1, "pcn_column_name": "lgals_r500", "pcn_ucd": null}}, {"model": "product.productcontent", "pk": 82, "fields": {"pcn_product_id": 1, "pcn_column_name": "e_ngals", "pcn_ucd": null}}, {"model": "product.productcontent", "pk": 83, "fields": {"pcn_product_id": 1, "pcn_column_name": "e_ngals_r300", "pcn_ucd": null}}, {"model": "product.productcontent", "pk": 84, "fields": {"pcn_product_id": 1, "pcn_column_name": "e_ngals_r500", "pcn_ucd": null}}, {"model": "product.productcontent", "pk": 85, "fields": {"pcn_product_id": 1, "pcn_column_name": "e_lgals", "pcn_ucd": null}}, {"model": "product.productcontent", "pk": 86, "fields": {"pcn_product_id": 1, "pcn_column_name": "e_lgals_r300", "pcn_ucd": null}}, {"model": "product.productcontent", "pk": 87, "fields": {"pcn_product_id": 1, "pcn_column_name": "e_lgals_r500", "pcn_ucd": null}}, {"model": "product.productcontent", "pk": 88, "fields": {"pcn_product_id": 1, "pcn_column_name": "ra_bcg", "pcn_ucd": null}}, {"model": "product.productcontent", "pk": 89, "fields": {"pcn_product_id": 1, "pcn_column_name": "dec_bcg", "pcn_ucd": null}}, {"model": "product.productcontent", "pk": 90, "fields": {"pcn_product_id": 1, "pcn_column_name": "rank", "pcn_ucd": null}}, {"model": "product.productcontent", "pk": 91, "fields": {"pcn_product_id": 1, "pcn_column_name": "id", "pcn_ucd": null}}, {"model": "product.productcontent", "pk": 92, "fields": {"pcn_product_id": 1, "pcn_column_name": "ngals_500_rs", "pcn_ucd": null}}, {"model": "product.productcontent", "pk": 93, "fields": {"pcn_product_id": 1, "pcn_column_name": "ngals_model", "pcn_ucd": null}}, {"model": "product.productcontent", "pk": 94, "fields": {"pcn_product_id": 1, "pcn_column_name": "ngals_300_rs", "pcn_ucd": null}}, {"model": "product.productcontent", "pk": 95, "fields": {"pcn_product_id": 1, "pcn_column_name": "zs_max", "pcn_ucd": null}}, {"model": "product.productcontent", "pk": 96, "fields": {"pcn_product_id": 1, "pcn_column_name": "king_nfit", "pcn_ucd": null}}, {"model": "product.productcontent", "pk": 97, "fields": {"pcn_product_id": 1, "pcn_column_name": "zp_bcg", "pcn_ucd": null}}, {"model": "product.productcontent", "pk": 98, "fields": {"pcn_product_id": 1, "pcn_column_name": "ngals_model_fit", "pcn_ucd": null}}, {"model": "product.productcontent", "pk": 99, "fields": {"pcn_product_id": 1, "pcn_column_name": "zs", "pcn_ucd": null}}, {"model": "product.productcontent", "pk": 100, "fields": {"pcn_product_id": 1, "pcn_column_name": "radius_saddle_mpc", "pcn_ucd": null}}, {"model": "product.productcontent", "pk": 101, "fields": {"pcn_product_id": 1, "pcn_column_name": "rs_slope", "pcn_ucd": null}}, {"model": "product.productcontent", "pk": 102, "fields": {"pcn_product_id": 1, "pcn_column_name": "zp_err", "pcn_ucd": null}}, {"model": "product.productcontent", "pk": 103, "fields": {"pcn_product_id": 1, "pcn_column_name": "snr_ngals", "pcn_ucd": null}}, {"model": "product.productcontent", "pk": 104, "fields": {"pcn_product_id": 1, "pcn_column_name": "radius_scaling", "pcn_ucd": null}}, {"model": "product.productcontent", "pk": 105, "fields": {"pcn_product_id": 1, "pcn_column_name": "rs_color_cor", "pcn_ucd": null}}, {"model": "product.productcontent", "pk": 106, "fields": {"pcn_product_id": 1, "pcn_column_name": "rs_width", "pcn_ucd": null}}, {"model": "product.productcontent", "pk": 107, "fields": {"pcn_product_id": 1, "pcn_column_name": "ngals_rs", "pcn_ucd": null}}, {"model": "product.productcontent", "pk": 108, "fields": {"pcn_product_id": 1, "pcn_column_name": "rs_color", "pcn_ucd": null}}, {"model": "product.productcontent", "pk": 109, "fields": {"pcn_product_id": 1, "pcn_column_name": "zs_min", "pcn_ucd": null}}, {"model": "product.productcontent", "pk": 110, "fields": {"pcn_product_id": 1, "pcn_column_name": "rs_frac", "pcn_ucd": null}}, {"model": "product.productcontent", "pk": 111, "fields": {"pcn_product_id": 1, "pcn_column_name": "ngals_rs_cor", "pcn_ucd": null}}, {"model": "product.productcontent", "pk": 145, "fields": {"pcn_product_id": 2, "pcn_column_name": "seqnr", "pcn_ucd": null}}, {"model": "product.productcontent", "pk": 146, "fields": {"pcn_product_id": 2, "pcn_column_name": "id_cluster_tile", "pcn_ucd": null}}, {"model": "product.productcontent", "pk": 147, "fields": {"pcn_product_id": 2, "pcn_column_name": "detection_tile", "pcn_ucd": null}}, {"model": "product.productcontent", "pk": 148, "fields": {"pcn_product_id": 2, "pcn_column_name": "id_g", "pcn_ucd": null}}, {"model": "product.productcontent", "pk": 149, "fields": {"pcn_product_id": 2, "pcn_column_name": "nmem_cl", "pcn_ucd": null}}, {"model": "product.productcontent", "pk": 150, "fields": {"pcn_product_id": 2, "pcn_column_name": "pmem", "pcn_ucd": null}}, {"model": "product.productcontent", "pk": 151, "fields": {"pcn_product_id": 2, "pcn_column_name": "pmem_err", "pcn_ucd": null}}, {"model": "product.productcontent", "pk": 152, "fields": {"pcn_product_id": 2, "pcn_column_name": "mag", "pcn_ucd": null}}, {"model": "product.productcontent", "pk": 153, "fields": {"pcn_product_id": 2, "pcn_column_name": "ra", "pcn_ucd": null}}, {"model": "product.productcontent", "pk": 154, "fields": {"pcn_product_id": 2, "pcn_column_name": "dec", "pcn_ucd": null}}, {"model": "product.productcontent", "pk": 155, "fields": {"pcn_product_id": 2, "pcn_column_name": "ra_cl", "pcn_ucd": null}}, {"model": "product.productcontent", "pk": 156, "fields": {"pcn_product_id": 2, "pcn_column_name": "dec_cl", "pcn_ucd": null}}, {"model": "product.productcontent", "pk": 157, "fields": {"pcn_product_id": 2, "pcn_column_name": "zp", "pcn_ucd": null}}, {"model": "product.productcontent", "pk": 158, "fields": {"pcn_product_id": 2, "pcn_column_name": "zp_cl", "pcn_ucd": null}}, {"model": "product.productcontent", "pk": 159, "fields": {"pcn_product_id": 2, "pcn_column_name": "mstar_cl", "pcn_ucd": null}}, {"model": "product.productcontent", "pk": 160, "fields": {"pcn_product_id": 2, "pcn_column_name": "mag_bcg", "pcn_ucd": null}}, {"model": "product.productcontent", "pk": 161, "fields": {"pcn_product_id": 2, "pcn_column_name": "flag_bcg", "pcn_ucd": null}}, {"model": "product.productcontent", "pk": 162, "fields": {"pcn_product_id": 2, "pcn_column_name": "mag_bcg_cen", "pcn_ucd": null}}, {"model": "product.productcontent", "pk": 163, "fields": {"pcn_product_id": 2, "pcn_column_name": "flag_bcg_cen", "pcn_ucd": null}}, {"model": "product.productcontent", "pk": 164, "fields": {"pcn_product_id": 2, "pcn_column_name": "dcen", "pcn_ucd": null}}, {"model": "product.productcontent", "pk": 165, "fields": {"pcn_product_id": 2, "pcn_column_name": "dcen_norm", "pcn_ucd": null}}, {"model": "product.productcontent", "pk": 166, "fields": {"pcn_product_id": 2, "pcn_column_name": "snr", "pcn_ucd": null}}, {"model": "product.productcontent", "pk": 167, "fields": {"pcn_product_id": 2, "pcn_column_name": "ngals", "pcn_ucd": null}}, {"model": "product.productcontent", "pk": 168, "fields": {"pcn_product_id": 2, "pcn_column_name": "mag_u", "pcn_ucd": null}}, {"model": "product.productcontent", "pk": 169, "fields": {"pcn_product_id": 2, "pcn_column_name": "mag_g", "pcn_ucd": null}}, {"model": "product.productcontent", "pk": 170, "fields": {"pcn_product_id": 2, "pcn_column_name": "mag_r", "pcn_ucd": null}}, {"model": "product.productcontent", "pk": 171, "fields": {"pcn_product_id": 2, "pcn_column_name": "mag_i", "pcn_ucd": null}}, {"model": "product.productcontent", "pk": 172, "fields": {"pcn_product_id": 2, "pcn_column_name": "mag_z", "pcn_ucd": null}}, {"model": "product.productcontent", "pk": 173, "fields": {"pcn_product_id": 2, "pcn_column_name": "mag_y", "pcn_ucd": null}}, {"model": "product.productcontent", "pk": 174, "fields": {"pcn_product_id": 2, "pcn_column_name": "mag_j", "pcn_ucd": null}}, {"model": "product.productcontent", "pk": 175, "fields": {"pcn_product_id": 2, "pcn_column_name": "mag_h", "pcn_ucd": null}}, {"model": "product.productcontent", "pk": 176, "fields": {"pcn_product_id": 2, "pcn_column_name": "mag_k", "pcn_ucd": null}}, {"model": "product.productcontent", "pk": 177, "fields": {"pcn_product_id": 2, "pcn_column_name": "id_cluster", "pcn_ucd": null}}, {"model": "product.productcontent", "pk": 184, "fields": {"pcn_product_id": 3, "pcn_column_name": "coadd_object_id", "pcn_ucd": null}}, {"model": "product.productcontent", "pk": 185, "fields": {"pcn_product_id": 3, "pcn_column_name": "ra", "pcn_ucd": null}}, {"model": "product.productcontent", "pk": 186, "fields": {"pcn_product_id": 3, "pcn_column_name": "dec", "pcn_ucd": null}}, {"model": "product.productcontent", "pk": 187, "fields": {"pcn_product_id": 3, "pcn_column_name": "wavg_mag_psf_g", "pcn_ucd": null}}, {"model": "product.productcontent", "pk": 188, "fields": {"pcn_product_id": 3, "pcn_column_name": "flags_g", "pcn_ucd": null}}, {"model": "product.productcontent", "pk": 189, "fields": {"pcn_product_id": 3, "pcn_column_name": "extended_class_coadd", "pcn_ucd": null}}, {"model": "product.productcontent", "pk": 190, "fields": {"pcn_product_id": 3, "pcn_column_name": "nepochs_g", "pcn_ucd": null}}, {"model": "product.productcontent", "pk": 191, "fields": {"pcn_product_id": 4, "pcn_column_name": "coadd_object_id", "pcn_ucd": null}}, {"model": "product.productcontent", "pk": 192, "fields": {"pcn_product_id": 4, "pcn_column_name": "ra", "pcn_ucd": null}}, {"model": "product.productcontent", "pk": 193, "fields": {"pcn_product_id": 4, "pcn_column_name": "dec", "pcn_ucd": null}}, {"model": "product.productcontent", "pk": 194, "fields": {"pcn_product_id": 4, "pcn_column_name": "mag_auto_i_dered", "pcn_ucd": null}}, {"model": "product.productcontent", "pk": 195, "fields": {"pcn_product_id": 4, "pcn_column_name": "flags_i", "pcn_ucd": null}}, {"model": "product.productcontent", "pk": 196, "fields": {"pcn_product_id": 4, "pcn_column_name": "extended_class_coadd", "pcn_ucd": null}}, {"model": "product.productcontent", "pk": 197, "fields": {"pcn_product_id": 4, "pcn_column_name": "nepochs_i", "pcn_ucd": null}}, {"model": "product.productcontent", "pk": 218, "fields": {"pcn_product_id": 7, "pcn_column_name": "name", "pcn_ucd": null}}, {"model": "product.productcontent", "pk": 219, "fields": {"pcn_product_id": 7, "pcn_column_name": "id", "pcn_ucd": null}}, {"model": "product.productcontent", "pk": 220, "fields": {"pcn_product_id": 7, "pcn_column_name": "ra", "pcn_ucd": "pos.eq.ra;meta.main"}}, {"model": "product.productcontent", "pk": 221, "fields": {"pcn_product_id": 7, "pcn_column_name": "dec", "pcn_ucd": "pos.eq.dec;meta.main"}}, {"model": "product.productcontent", "pk": 222, "fields": {"pcn_product_id": 8, "pcn_column_name": "id", "pcn_ucd": null}}, {"model": "product.productcontent", "pk": 223, "fields": {"pcn_product_id": 8, "pcn_column_name": "unnamed: 0", "pcn_ucd": null}}, {"model": "product.productcontent", "pk": 224, "fields": {"pcn_product_id": 8, "pcn_column_name": "ra", "pcn_ucd": null}}, {"model": "product.productcontent", "pk": 225, "fields": {"pcn_product_id": 8, "pcn_column_name": "dec", "pcn_ucd": null}}, {"model": "product.productcontent", "pk": 226, "fields": {"pcn_product_id": 8, "pcn_column_name": "name", "pcn_ucd": null}}, {"model": "product.productcontent", "pk": 227, "fields": {"pcn_product_id": 8, "pcn_column_name": "qsocat", "pcn_ucd": null}}, {"model": "product.productcontent", "pk": 228, "fields": {"pcn_product_id": 8, "pcn_column_name": "ra_180", "pcn_ucd": null}}, {"model": "product.productcontent", "pk": 229, "fields": {"pcn_product_id": 8, "pcn_column_name": "tilename", "pcn_ucd": null}}, {"model": "product.productcontent", "pk": 597, "fields": {"pcn_product_id": 16, "pcn_column_name": "solution_id", "pcn_ucd": null}}, {"model": "product.productcontent", "pk": 598, "fields": {"pcn_product_id": 16, "pcn_column_name": "designation", "pcn_ucd": null}}, {"model": "product.productcontent", "pk": 599, "fields": {"pcn_product_id": 16, "pcn_column_name": "source_id", "pcn_ucd": "meta.id;meta.main"}}, {"model": "product.productcontent", "pk": 600, "fields": {"pcn_product_id": 16, "pcn_column_name": "random_index", "pcn_ucd": null}}, {"model": "product.productcontent", "pk": 601, "fields": {"pcn_product_id": 16, "pcn_column_name": "ref_epoch", "pcn_ucd": null}}, {"model": "product.productcontent", "pk": 602, "fields": {"pcn_product_id": 16, "pcn_column_name": "ra", "pcn_ucd": "pos.eq.ra;meta.main"}}, {"model": "product.productcontent", "pk": 603, "fields": {"pcn_product_id": 16, "pcn_column_name": "ra_error", "pcn_ucd": null}}, {"model": "product.productcontent", "pk": 604, "fields": {"pcn_product_id": 16, "pcn_column_name": "dec", "pcn_ucd": "pos.eq.dec;meta.main"}}, {"model": "product.productcontent", "pk": 605, "fields": {"pcn_product_id": 16, "pcn_column_name": "dec_error", "pcn_ucd": null}}, {"model": "product.productcontent", "pk": 606, "fields": {"pcn_product_id": 16, "pcn_column_name": "parallax", "pcn_ucd": null}}, {"model": "product.productcontent", "pk": 607, "fields": {"pcn_product_id": 16, "pcn_column_name": "parallax_error", "pcn_ucd": null}}, {"model": "product.productcontent", "pk": 608, "fields": {"pcn_product_id": 16, "pcn_column_name": "parallax_over_error", "pcn_ucd": null}}, {"model": "product.productcontent", "pk": 609, "fields": {"pcn_product_id": 16, "pcn_column_name": "pm", "pcn_ucd": null}}, {"model": "product.productcontent", "pk": 610, "fields": {"pcn_product_id": 16, "pcn_column_name": "pmra", "pcn_ucd": null}}, {"model": "product.productcontent", "pk": 611, "fields": {"pcn_product_id": 16, "pcn_column_name": "pmra_error", "pcn_ucd": null}}, {"model": "product.productcontent", "pk": 612, "fields": {"pcn_product_id": 16, "pcn_column_name": "pmdec", "pcn_ucd": null}}, {"model": "product.productcontent", "pk": 613, "fields": {"pcn_product_id": 16, "pcn_column_name": "pmdec_error", "pcn_ucd": null}}, {"model": "product.productcontent", "pk": 614, "fields": {"pcn_product_id": 16, "pcn_column_name": "ra_dec_corr", "pcn_ucd": null}}, {"model": "product.productcontent", "pk": 615, "fields": {"pcn_product_id": 16, "pcn_column_name": "ra_parallax_corr", "pcn_ucd": null}}, {"model": "product.productcontent", "pk": 616, "fields": {"pcn_product_id": 16, "pcn_column_name": "ra_pmra_corr", "pcn_ucd": null}}, {"model": "product.productcontent", "pk": 617, "fields": {"pcn_product_id": 16, "pcn_column_name": "ra_pmdec_corr", "pcn_ucd": null}}, {"model": "product.productcontent", "pk": 618, "fields": {"pcn_product_id": 16, "pcn_column_name": "dec_parallax_corr", "pcn_ucd": null}}, {"model": "product.productcontent", "pk": 619, "fields": {"pcn_product_id": 16, "pcn_column_name": "dec_pmra_corr", "pcn_ucd": null}}, {"model": "product.productcontent", "pk": 620, "fields": {"pcn_product_id": 16, "pcn_column_name": "dec_pmdec_corr", "pcn_ucd": null}}, {"model": "product.productcontent", "pk": 621, "fields": {"pcn_product_id": 16, "pcn_column_name": "parallax_pmra_corr", "pcn_ucd": null}}, {"model": "product.productcontent", "pk": 622, "fields": {"pcn_product_id": 16, "pcn_column_name": "parallax_pmdec_corr", "pcn_ucd": null}}, {"model": "product.productcontent", "pk": 623, "fields": {"pcn_product_id": 16, "pcn_column_name": "pmra_pmdec_corr", "pcn_ucd": null}}, {"model": "product.productcontent", "pk": 624, "fields": {"pcn_product_id": 16, "pcn_column_name": "astrometric_n_obs_al", "pcn_ucd": null}}, {"model": "product.productcontent", "pk": 625, "fields": {"pcn_product_id": 16, "pcn_column_name": "astrometric_n_obs_ac", "pcn_ucd": null}}, {"model": "product.productcontent", "pk": 626, "fields": {"pcn_product_id": 16, "pcn_column_name": "astrometric_n_good_obs_al", "pcn_ucd": null}}, {"model": "product.productcontent", "pk": 627, "fields": {"pcn_product_id": 16, "pcn_column_name": "astrometric_n_bad_obs_al", "pcn_ucd": null}}, {"model": "product.productcontent", "pk": 628, "fields": {"pcn_product_id": 16, "pcn_column_name": "astrometric_gof_al", "pcn_ucd": null}}, {"model": "product.productcontent", "pk": 629, "fields": {"pcn_product_id": 16, "pcn_column_name": "astrometric_chi2_al", "pcn_ucd": null}}, {"model": "product.productcontent", "pk": 630, "fields": {"pcn_product_id": 16, "pcn_column_name": "astrometric_excess_noise", "pcn_ucd": null}}, {"model": "product.productcontent", "pk": 631, "fields": {"pcn_product_id": 16, "pcn_column_name": "astrometric_excess_noise_sig", "pcn_ucd": null}}, {"model": "product.productcontent", "pk": 632, "fields": {"pcn_product_id": 16, "pcn_column_name": "astrometric_params_solved", "pcn_ucd": null}}, {"model": "product.productcontent", "pk": 633, "fields": {"pcn_product_id": 16, "pcn_column_name": "astrometric_primary_flag", "pcn_ucd": null}}, {"model": "product.productcontent", "pk": 634, "fields": {"pcn_product_id": 16, "pcn_column_name": "nu_eff_used_in_astrometry", "pcn_ucd": null}}, {"model": "product.productcontent", "pk": 635, "fields": {"pcn_product_id": 16, "pcn_column_name": "pseudocolour", "pcn_ucd": null}}, {"model": "product.productcontent", "pk": 636, "fields": {"pcn_product_id": 16, "pcn_column_name": "pseudocolour_error", "pcn_ucd": null}}, {"model": "product.productcontent", "pk": 637, "fields": {"pcn_product_id": 16, "pcn_column_name": "ra_pseudocolour_corr", "pcn_ucd": null}}, {"model": "product.productcontent", "pk": 638, "fields": {"pcn_product_id": 16, "pcn_column_name": "dec_pseudocolour_corr", "pcn_ucd": null}}, {"model": "product.productcontent", "pk": 639, "fields": {"pcn_product_id": 16, "pcn_column_name": "parallax_pseudocolour_corr", "pcn_ucd": null}}, {"model": "product.productcontent", "pk": 640, "fields": {"pcn_product_id": 16, "pcn_column_name": "pmra_pseudocolour_corr", "pcn_ucd": null}}, {"model": "product.productcontent", "pk": 641, "fields": {"pcn_product_id": 16, "pcn_column_name": "pmdec_pseudocolour_corr", "pcn_ucd": null}}, {"model": "product.productcontent", "pk": 642, "fields": {"pcn_product_id": 16, "pcn_column_name": "astrometric_matched_transits", "pcn_ucd": null}}, {"model": "product.productcontent", "pk": 643, "fields": {"pcn_product_id": 16, "pcn_column_name": "visibility_periods_used", "pcn_ucd": null}}, {"model": "product.productcontent", "pk": 644, "fields": {"pcn_product_id": 16, "pcn_column_name": "astrometric_sigma5d_max", "pcn_ucd": null}}, {"model": "product.productcontent", "pk": 645, "fields": {"pcn_product_id": 16, "pcn_column_name": "matched_transits", "pcn_ucd": null}}, {"model": "product.productcontent", "pk": 646, "fields": {"pcn_product_id": 16, "pcn_column_name": "new_matched_transits", "pcn_ucd": null}}, {"model": "product.productcontent", "pk": 647, "fields": {"pcn_product_id": 16, "pcn_column_name": "matched_transits_removed", "pcn_ucd": null}}, {"model": "product.productcontent", "pk": 648, "fields": {"pcn_product_id": 16, "pcn_column_name": "ipd_gof_harmonic_amplitude", "pcn_ucd": null}}, {"model": "product.productcontent", "pk": 649, "fields": {"pcn_product_id": 16, "pcn_column_name": "ipd_gof_harmonic_phase", "pcn_ucd": null}}, {"model": "product.productcontent", "pk": 650, "fields": {"pcn_product_id": 16, "pcn_column_name": "ipd_frac_multi_peak", "pcn_ucd": null}}, {"model": "product.productcontent", "pk": 651, "fields": {"pcn_product_id": 16, "pcn_column_name": "ipd_frac_odd_win", "pcn_ucd": null}}, {"model": "product.productcontent", "pk": 652, "fields": {"pcn_product_id": 16, "pcn_column_name": "ruwe", "pcn_ucd": null}}, {"model": "product.productcontent", "pk": 653, "fields": {"pcn_product_id": 16, "pcn_column_name": "scan_direction_strength_k1", "pcn_ucd": null}}, {"model": "product.productcontent", "pk": 654, "fields": {"pcn_product_id": 16, "pcn_column_name": "scan_direction_strength_k2", "pcn_ucd": null}}, {"model": "product.productcontent", "pk": 655, "fields": {"pcn_product_id": 16, "pcn_column_name": "scan_direction_strength_k3", "pcn_ucd": null}}, {"model": "product.productcontent", "pk": 656, "fields": {"pcn_product_id": 16, "pcn_column_name": "scan_direction_strength_k4", "pcn_ucd": null}}, {"model": "product.productcontent", "pk": 657, "fields": {"pcn_product_id": 16, "pcn_column_name": "scan_direction_mean_k1", "pcn_ucd": null}}, {"model": "product.productcontent", "pk": 658, "fields": {"pcn_product_id": 16, "pcn_column_name": "scan_direction_mean_k2", "pcn_ucd": null}}, {"model": "product.productcontent", "pk": 659, "fields": {"pcn_product_id": 16, "pcn_column_name": "scan_direction_mean_k3", "pcn_ucd": null}}, {"model": "product.productcontent", "pk": 660, "fields": {"pcn_product_id": 16, "pcn_column_name": "scan_direction_mean_k4", "pcn_ucd": null}}, {"model": "product.productcontent", "pk": 661, "fields": {"pcn_product_id": 16, "pcn_column_name": "duplicated_source", "pcn_ucd": null}}, {"model": "product.productcontent", "pk": 662, "fields": {"pcn_product_id": 16, "pcn_column_name": "phot_g_n_obs", "pcn_ucd": null}}, {"model": "product.productcontent", "pk": 663, "fields": {"pcn_product_id": 16, "pcn_column_name": "phot_g_mean_flux", "pcn_ucd": null}}, {"model": "product.productcontent", "pk": 664, "fields": {"pcn_product_id": 16, "pcn_column_name": "phot_g_mean_flux_error", "pcn_ucd": null}}, {"model": "product.productcontent", "pk": 665, "fields": {"pcn_product_id": 16, "pcn_column_name": "phot_g_mean_flux_over_error", "pcn_ucd": null}}, {"model": "product.productcontent", "pk": 666, "fields": {"pcn_product_id": 16, "pcn_column_name": "phot_g_mean_mag", "pcn_ucd": null}}, {"model": "product.productcontent", "pk": 667, "fields": {"pcn_product_id": 16, "pcn_column_name": "phot_bp_n_obs", "pcn_ucd": null}}, {"model": "product.productcontent", "pk": 668, "fields": {"pcn_product_id": 16, "pcn_column_name": "phot_bp_mean_flux", "pcn_ucd": null}}, {"model": "product.productcontent", "pk": 669, "fields": {"pcn_product_id": 16, "pcn_column_name": "phot_bp_mean_flux_error", "pcn_ucd": null}}, {"model": "product.productcontent", "pk": 670, "fields": {"pcn_product_id": 16, "pcn_column_name": "phot_bp_mean_flux_over_error", "pcn_ucd": null}}, {"model": "product.productcontent", "pk": 671, "fields": {"pcn_product_id": 16, "pcn_column_name": "phot_bp_mean_mag", "pcn_ucd": null}}, {"model": "product.productcontent", "pk": 672, "fields": {"pcn_product_id": 16, "pcn_column_name": "phot_rp_n_obs", "pcn_ucd": null}}, {"model": "product.productcontent", "pk": 673, "fields": {"pcn_product_id": 16, "pcn_column_name": "phot_rp_mean_flux", "pcn_ucd": null}}, {"model": "product.productcontent", "pk": 674, "fields": {"pcn_product_id": 16, "pcn_column_name": "phot_rp_mean_flux_error", "pcn_ucd": null}}, {"model": "product.productcontent", "pk": 675, "fields": {"pcn_product_id": 16, "pcn_column_name": "phot_rp_mean_flux_over_error", "pcn_ucd": null}}, {"model": "product.productcontent", "pk": 676, "fields": {"pcn_product_id": 16, "pcn_column_name": "phot_rp_mean_mag", "pcn_ucd": null}}, {"model": "product.productcontent", "pk": 677, "fields": {"pcn_product_id": 16, "pcn_column_name": "phot_bp_rp_excess_factor", "pcn_ucd": null}}, {"model": "product.productcontent", "pk": 678, "fields": {"pcn_product_id": 16, "pcn_column_name": "phot_bp_n_contaminated_transits", "pcn_ucd": null}}, {"model": "product.productcontent", "pk": 679, "fields": {"pcn_product_id": 16, "pcn_column_name": "phot_bp_n_blended_transits", "pcn_ucd": null}}, {"model": "product.productcontent", "pk": 680, "fields": {"pcn_product_id": 16, "pcn_column_name": "phot_rp_n_contaminated_transits", "pcn_ucd": null}}, {"model": "product.productcontent", "pk": 681, "fields": {"pcn_product_id": 16, "pcn_column_name": "phot_rp_n_blended_transits", "pcn_ucd": null}}, {"model": "product.productcontent", "pk": 682, "fields": {"pcn_product_id": 16, "pcn_column_name": "phot_proc_mode", "pcn_ucd": null}}, {"model": "product.productcontent", "pk": 683, "fields": {"pcn_product_id": 16, "pcn_column_name": "bp_rp", "pcn_ucd": null}}, {"model": "product.productcontent", "pk": 684, "fields": {"pcn_product_id": 16, "pcn_column_name": "bp_g", "pcn_ucd": null}}, {"model": "product.productcontent", "pk": 685, "fields": {"pcn_product_id": 16, "pcn_column_name": "g_rp", "pcn_ucd": null}}, {"model": "product.productcontent", "pk": 686, "fields": {"pcn_product_id": 16, "pcn_column_name": "radial_velocity", "pcn_ucd": null}}, {"model": "product.productcontent", "pk": 687, "fields": {"pcn_product_id": 16, "pcn_column_name": "radial_velocity_error", "pcn_ucd": null}}, {"model": "product.productcontent", "pk": 688, "fields": {"pcn_product_id": 16, "pcn_column_name": "rv_method_used", "pcn_ucd": null}}, {"model": "product.productcontent", "pk": 689, "fields": {"pcn_product_id": 16, "pcn_column_name": "rv_nb_transits", "pcn_ucd": null}}, {"model": "product.productcontent", "pk": 690, "fields": {"pcn_product_id": 16, "pcn_column_name": "rv_nb_deblended_transits", "pcn_ucd": null}}, {"model": "product.productcontent", "pk": 691, "fields": {"pcn_product_id": 16, "pcn_column_name": "rv_visibility_periods_used", "pcn_ucd": null}}, {"model": "product.productcontent", "pk": 692, "fields": {"pcn_product_id": 16, "pcn_column_name": "rv_expected_sig_to_noise", "pcn_ucd": null}}, {"model": "product.productcontent", "pk": 693, "fields": {"pcn_product_id": 16, "pcn_column_name": "rv_renormalised_gof", "pcn_ucd": null}}, {"model": "product.productcontent", "pk": 694, "fields": {"pcn_product_id": 16, "pcn_column_name": "rv_chisq_pvalue", "pcn_ucd": null}}, {"model": "product.productcontent", "pk": 695, "fields": {"pcn_product_id": 16, "pcn_column_name": "rv_time_duration", "pcn_ucd": null}}, {"model": "product.productcontent", "pk": 696, "fields": {"pcn_product_id": 16, "pcn_column_name": "rv_amplitude_robust", "pcn_ucd": null}}, {"model": "product.productcontent", "pk": 697, "fields": {"pcn_product_id": 16, "pcn_column_name": "rv_template_teff", "pcn_ucd": null}}, {"model": "product.productcontent", "pk": 698, "fields": {"pcn_product_id": 16, "pcn_column_name": "rv_template_logg", "pcn_ucd": null}}, {"model": "product.productcontent", "pk": 699, "fields": {"pcn_product_id": 16, "pcn_column_name": "rv_template_fe_h", "pcn_ucd": null}}, {"model": "product.productcontent", "pk": 700, "fields": {"pcn_product_id": 16, "pcn_column_name": "rv_atm_param_origin", "pcn_ucd": null}}, {"model": "product.productcontent", "pk": 701, "fields": {"pcn_product_id": 16, "pcn_column_name": "vbroad", "pcn_ucd": null}}, {"model": "product.productcontent", "pk": 702, "fields": {"pcn_product_id": 16, "pcn_column_name": "vbroad_error", "pcn_ucd": null}}, {"model": "product.productcontent", "pk": 703, "fields": {"pcn_product_id": 16, "pcn_column_name": "vbroad_nb_transits", "pcn_ucd": null}}, {"model": "product.productcontent", "pk": 704, "fields": {"pcn_product_id": 16, "pcn_column_name": "grvs_mag", "pcn_ucd": null}}, {"model": "product.productcontent", "pk": 705, "fields": {"pcn_product_id": 16, "pcn_column_name": "grvs_mag_error", "pcn_ucd": null}}, {"model": "product.productcontent", "pk": 706, "fields": {"pcn_product_id": 16, "pcn_column_name": "grvs_mag_nb_transits", "pcn_ucd": null}}, {"model": "product.productcontent", "pk": 707, "fields": {"pcn_product_id": 16, "pcn_column_name": "rvs_spec_sig_to_noise", "pcn_ucd": null}}, {"model": "product.productcontent", "pk": 708, "fields": {"pcn_product_id": 16, "pcn_column_name": "phot_variable_flag", "pcn_ucd": null}}, {"model": "product.productcontent", "pk": 709, "fields": {"pcn_product_id": 16, "pcn_column_name": "l", "pcn_ucd": null}}, {"model": "product.productcontent", "pk": 710, "fields": {"pcn_product_id": 16, "pcn_column_name": "b", "pcn_ucd": null}}, {"model": "product.productcontent", "pk": 711, "fields": {"pcn_product_id": 16, "pcn_column_name": "ecl_lon", "pcn_ucd": null}}, {"model": "product.productcontent", "pk": 712, "fields": {"pcn_product_id": 16, "pcn_column_name": "ecl_lat", "pcn_ucd": null}}, {"model": "product.productcontent", "pk": 713, "fields": {"pcn_product_id": 16, "pcn_column_name": "in_qso_candidates", "pcn_ucd": null}}, {"model": "product.productcontent", "pk": 714, "fields": {"pcn_product_id": 16, "pcn_column_name": "in_galaxy_candidates", "pcn_ucd": null}}, {"model": "product.productcontent", "pk": 715, "fields": {"pcn_product_id": 16, "pcn_column_name": "non_single_star", "pcn_ucd": null}}, {"model": "product.productcontent", "pk": 716, "fields": {"pcn_product_id": 16, "pcn_column_name": "has_xp_continuous", "pcn_ucd": null}}, {"model": "product.productcontent", "pk": 717, "fields": {"pcn_product_id": 16, "pcn_column_name": "has_xp_sampled", "pcn_ucd": null}}, {"model": "product.productcontent", "pk": 718, "fields": {"pcn_product_id": 16, "pcn_column_name": "has_rvs", "pcn_ucd": null}}, {"model": "product.productcontent", "pk": 719, "fields": {"pcn_product_id": 16, "pcn_column_name": "has_epoch_photometry", "pcn_ucd": null}}, {"model": "product.productcontent", "pk": 720, "fields": {"pcn_product_id": 16, "pcn_column_name": "has_epoch_rv", "pcn_ucd": null}}, {"model": "product.productcontent", "pk": 721, "fields": {"pcn_product_id": 16, "pcn_column_name": "has_mcmc_gspphot", "pcn_ucd": null}}, {"model": "product.productcontent", "pk": 722, "fields": {"pcn_product_id": 16, "pcn_column_name": "has_mcmc_msc", "pcn_ucd": null}}, {"model": "product.productcontent", "pk": 723, "fields": {"pcn_product_id": 16, "pcn_column_name": "in_andromeda_survey", "pcn_ucd": null}}, {"model": "product.productcontent", "pk": 724, "fields": {"pcn_product_id": 16, "pcn_column_name": "classprob_dsc_combmod_quasar", "pcn_ucd": null}}, {"model": "product.productcontent", "pk": 725, "fields": {"pcn_product_id": 16, "pcn_column_name": "classprob_dsc_combmod_galaxy", "pcn_ucd": null}}, {"model": "product.productcontent", "pk": 726, "fields": {"pcn_product_id": 16, "pcn_column_name": "classprob_dsc_combmod_star", "pcn_ucd": null}}, {"model": "product.productcontent", "pk": 727, "fields": {"pcn_product_id": 16, "pcn_column_name": "teff_gspphot", "pcn_ucd": null}}, {"model": "product.productcontent", "pk": 728, "fields": {"pcn_product_id": 16, "pcn_column_name": "teff_gspphot_lower", "pcn_ucd": null}}, {"model": "product.productcontent", "pk": 729, "fields": {"pcn_product_id": 16, "pcn_column_name": "teff_gspphot_upper", "pcn_ucd": null}}, {"model": "product.productcontent", "pk": 730, "fields": {"pcn_product_id": 16, "pcn_column_name": "logg_gspphot", "pcn_ucd": null}}, {"model": "product.productcontent", "pk": 731, "fields": {"pcn_product_id": 16, "pcn_column_name": "logg_gspphot_lower", "pcn_ucd": null}}, {"model": "product.productcontent", "pk": 732, "fields": {"pcn_product_id": 16, "pcn_column_name": "logg_gspphot_upper", "pcn_ucd": null}}, {"model": "product.productcontent", "pk": 733, "fields": {"pcn_product_id": 16, "pcn_column_name": "mh_gspphot", "pcn_ucd": null}}, {"model": "product.productcontent", "pk": 734, "fields": {"pcn_product_id": 16, "pcn_column_name": "mh_gspphot_lower", "pcn_ucd": null}}, {"model": "product.productcontent", "pk": 735, "fields": {"pcn_product_id": 16, "pcn_column_name": "mh_gspphot_upper", "pcn_ucd": null}}, {"model": "product.productcontent", "pk": 736, "fields": {"pcn_product_id": 16, "pcn_column_name": "distance_gspphot", "pcn_ucd": null}}, {"model": "product.productcontent", "pk": 737, "fields": {"pcn_product_id": 16, "pcn_column_name": "distance_gspphot_lower", "pcn_ucd": null}}, {"model": "product.productcontent", "pk": 738, "fields": {"pcn_product_id": 16, "pcn_column_name": "distance_gspphot_upper", "pcn_ucd": null}}, {"model": "product.productcontent", "pk": 739, "fields": {"pcn_product_id": 16, "pcn_column_name": "azero_gspphot", "pcn_ucd": null}}, {"model": "product.productcontent", "pk": 740, "fields": {"pcn_product_id": 16, "pcn_column_name": "azero_gspphot_lower", "pcn_ucd": null}}, {"model": "product.productcontent", "pk": 741, "fields": {"pcn_product_id": 16, "pcn_column_name": "azero_gspphot_upper", "pcn_ucd": null}}, {"model": "product.productcontent", "pk": 742, "fields": {"pcn_product_id": 16, "pcn_column_name": "ag_gspphot", "pcn_ucd": null}}, {"model": "product.productcontent", "pk": 743, "fields": {"pcn_product_id": 16, "pcn_column_name": "ag_gspphot_lower", "pcn_ucd": null}}, {"model": "product.productcontent", "pk": 744, "fields": {"pcn_product_id": 16, "pcn_column_name": "ag_gspphot_upper", "pcn_ucd": null}}, {"model": "product.productcontent", "pk": 745, "fields": {"pcn_product_id": 16, "pcn_column_name": "ebpminrp_gspphot", "pcn_ucd": null}}, {"model": "product.productcontent", "pk": 746, "fields": {"pcn_product_id": 16, "pcn_column_name": "ebpminrp_gspphot_lower", "pcn_ucd": null}}, {"model": "product.productcontent", "pk": 747, "fields": {"pcn_product_id": 16, "pcn_column_name": "ebpminrp_gspphot_upper", "pcn_ucd": null}}, {"model": "product.productcontent", "pk": 748, "fields": {"pcn_product_id": 16, "pcn_column_name": "libname_gspphot", "pcn_ucd": null}}, {"model": "product.productcontent", "pk": 809, "fields": {"pcn_product_id": 18, "pcn_column_name": "ra", "pcn_ucd": "pos.eq.ra;meta.main"}}, {"model": "product.productcontent", "pk": 810, "fields": {"pcn_product_id": 18, "pcn_column_name": "decl", "pcn_ucd": "pos.eq.dec;meta.main"}}, {"model": "product.productcontent", "pk": 811, "fields": {"pcn_product_id": 18, "pcn_column_name": "err_maj", "pcn_ucd": null}}, {"model": "product.productcontent", "pk": 812, "fields": {"pcn_product_id": 18, "pcn_column_name": "err_min", "pcn_ucd": null}}, {"model": "product.productcontent", "pk": 813, "fields": {"pcn_product_id": 18, "pcn_column_name": "err_ang", "pcn_ucd": null}}, {"model": "product.productcontent", "pk": 814, "fields": {"pcn_product_id": 18, "pcn_column_name": "designation", "pcn_ucd": null}}, {"model": "product.productcontent", "pk": 815, "fields": {"pcn_product_id": 18, "pcn_column_name": "j_m", "pcn_ucd": null}}, {"model": "product.productcontent", "pk": 816, "fields": {"pcn_product_id": 18, "pcn_column_name": "j_cmsig", "pcn_ucd": null}}, {"model": "product.productcontent", "pk": 817, "fields": {"pcn_product_id": 18, "pcn_column_name": "j_msigcom", "pcn_ucd": null}}, {"model": "product.productcontent", "pk": 818, "fields": {"pcn_product_id": 18, "pcn_column_name": "j_snr", "pcn_ucd": null}}, {"model": "product.productcontent", "pk": 819, "fields": {"pcn_product_id": 18, "pcn_column_name": "h_m", "pcn_ucd": null}}, {"model": "product.productcontent", "pk": 820, "fields": {"pcn_product_id": 18, "pcn_column_name": "h_cmsig", "pcn_ucd": null}}, {"model": "product.productcontent", "pk": 821, "fields": {"pcn_product_id": 18, "pcn_column_name": "h_msigcom", "pcn_ucd": null}}, {"model": "product.productcontent", "pk": 822, "fields": {"pcn_product_id": 18, "pcn_column_name": "h_snr", "pcn_ucd": null}}, {"model": "product.productcontent", "pk": 823, "fields": {"pcn_product_id": 18, "pcn_column_name": "k_m", "pcn_ucd": null}}, {"model": "product.productcontent", "pk": 824, "fields": {"pcn_product_id": 18, "pcn_column_name": "k_cmsig", "pcn_ucd": null}}, {"model": "product.productcontent", "pk": 825, "fields": {"pcn_product_id": 18, "pcn_column_name": "k_msigcom", "pcn_ucd": null}}, {"model": "product.productcontent", "pk": 826, "fields": {"pcn_product_id": 18, "pcn_column_name": "k_snr", "pcn_ucd": null}}, {"model": "product.productcontent", "pk": 827, "fields": {"pcn_product_id": 18, "pcn_column_name": "ph_qual", "pcn_ucd": null}}, {"model": "product.productcontent", "pk": 828, "fields": {"pcn_product_id": 18, "pcn_column_name": "rd_flg", "pcn_ucd": null}}, {"model": "product.productcontent", "pk": 829, "fields": {"pcn_product_id": 18, "pcn_column_name": "bl_flg", "pcn_ucd": null}}, {"model": "product.productcontent", "pk": 830, "fields": {"pcn_product_id": 18, "pcn_column_name": "cc_flg", "pcn_ucd": null}}, {"model": "product.productcontent", "pk": 831, "fields": {"pcn_product_id": 18, "pcn_column_name": "ndet", "pcn_ucd": null}}, {"model": "product.productcontent", "pk": 832, "fields": {"pcn_product_id": 18, "pcn_column_name": "prox", "pcn_ucd": null}}, {"model": "product.productcontent", "pk": 833, "fields": {"pcn_product_id": 18, "pcn_column_name": "pxpa", "pcn_ucd": null}}, {"model": "product.productcontent", "pk": 834, "fields": {"pcn_product_id": 18, "pcn_column_name": "pxcntr", "pcn_ucd": null}}, {"model": "product.productcontent", "pk": 835, "fields": {"pcn_product_id": 18, "pcn_column_name": "gal_contam", "pcn_ucd": null}}, {"model": "product.productcontent", "pk": 836, "fields": {"pcn_product_id": 18, "pcn_column_name": "mp_flg", "pcn_ucd": null}}, {"model": "product.productcontent", "pk": 837, "fields": {"pcn_product_id": 18, "pcn_column_name": "pts_key", "pcn_ucd": "meta.id;meta.main"}}, {"model": "product.productcontent", "pk": 838, "fields": {"pcn_product_id": 18, "pcn_column_name": "hemis", "pcn_ucd": null}}, {"model": "product.productcontent", "pk": 839, "fields": {"pcn_product_id": 18, "pcn_column_name": "date", "pcn_ucd": null}}, {"model": "product.productcontent", "pk": 840, "fields": {"pcn_product_id": 18, "pcn_column_name": "scan", "pcn_ucd": null}}, {"model": "product.productcontent", "pk": 841, "fields": {"pcn_product_id": 18, "pcn_column_name": "glon", "pcn_ucd": null}}, {"model": "product.productcontent", "pk": 842, "fields": {"pcn_product_id": 18, "pcn_column_name": "glat", "pcn_ucd": null}}, {"model": "product.productcontent", "pk": 843, "fields": {"pcn_product_id": 18, "pcn_column_name": "x_scan", "pcn_ucd": null}}, {"model": "product.productcontent", "pk": 844, "fields": {"pcn_product_id": 18, "pcn_column_name": "jdate", "pcn_ucd": null}}, {"model": "product.productcontent", "pk": 845, "fields": {"pcn_product_id": 18, "pcn_column_name": "j_psfchi", "pcn_ucd": null}}, {"model": "product.productcontent", "pk": 846, "fields": {"pcn_product_id": 18, "pcn_column_name": "h_psfchi", "pcn_ucd": null}}, {"model": "product.productcontent", "pk": 847, "fields": {"pcn_product_id": 18, "pcn_column_name": "k_psfchi", "pcn_ucd": null}}, {"model": "product.productcontent", "pk": 848, "fields": {"pcn_product_id": 18, "pcn_column_name": "j_m_stdap", "pcn_ucd": null}}, {"model": "product.productcontent", "pk": 849, "fields": {"pcn_product_id": 18, "pcn_column_name": "j_msig_stdap", "pcn_ucd": null}}, {"model": "product.productcontent", "pk": 850, "fields": {"pcn_product_id": 18, "pcn_column_name": "h_m_stdap", "pcn_ucd": null}}, {"model": "product.productcontent", "pk": 851, "fields": {"pcn_product_id": 18, "pcn_column_name": "h_msig_stdap", "pcn_ucd": null}}, {"model": "product.productcontent", "pk": 852, "fields": {"pcn_product_id": 18, "pcn_column_name": "k_m_stdap", "pcn_ucd": null}}, {"model": "product.productcontent", "pk": 853, "fields": {"pcn_product_id": 18, "pcn_column_name": "k_msig_stdap", "pcn_ucd": null}}, {"model": "product.productcontent", "pk": 854, "fields": {"pcn_product_id": 18, "pcn_column_name": "dist_edge_ns", "pcn_ucd": null}}, {"model": "product.productcontent", "pk": 855, "fields": {"pcn_product_id": 18, "pcn_column_name": "dist_edge_ew", "pcn_ucd": null}}, {"model": "product.productcontent", "pk": 856, "fields": {"pcn_product_id": 18, "pcn_column_name": "dist_edge_flg", "pcn_ucd": null}}, {"model": "product.productcontent", "pk": 857, "fields": {"pcn_product_id": 18, "pcn_column_name": "dup_src", "pcn_ucd": null}}, {"model": "product.productcontent", "pk": 858, "fields": {"pcn_product_id": 18, "pcn_column_name": "use_src", "pcn_ucd": null}}, {"model": "product.productcontent", "pk": 859, "fields": {"pcn_product_id": 18, "pcn_column_name": "a", "pcn_ucd": null}}, {"model": "product.productcontent", "pk": 860, "fields": {"pcn_product_id": 18, "pcn_column_name": "dist_opt", "pcn_ucd": null}}, {"model": "product.productcontent", "pk": 861, "fields": {"pcn_product_id": 18, "pcn_column_name": "phi_opt", "pcn_ucd": null}}, {"model": "product.productcontent", "pk": 862, "fields": {"pcn_product_id": 18, "pcn_column_name": "b_m_opt", "pcn_ucd": null}}, {"model": "product.productcontent", "pk": 863, "fields": {"pcn_product_id": 18, "pcn_column_name": "vr_m_opt", "pcn_ucd": null}}, {"model": "product.productcontent", "pk": 864, "fields": {"pcn_product_id": 18, "pcn_column_name": "nopt_mchs", "pcn_ucd": null}}, {"model": "product.productcontent", "pk": 865, "fields": {"pcn_product_id": 18, "pcn_column_name": "ext_key", "pcn_ucd": null}}, {"model": "product.productcontent", "pk": 866, "fields": {"pcn_product_id": 18, "pcn_column_name": "scan_key", "pcn_ucd": null}}, {"model": "product.productcontent", "pk": 867, "fields": {"pcn_product_id": 18, "pcn_column_name": "coadd_key", "pcn_ucd": null}}, {"model": "product.productcontent", "pk": 868, "fields": {"pcn_product_id": 18, "pcn_column_name": "coadd", "pcn_ucd": null}}, {"model": "product.productcontent", "pk": 1084, "fields": {"pcn_product_id": 14, "pcn_column_name": "coadd_object_id", "pcn_ucd": "meta.id;meta.main"}}, {"model": "product.productcontent", "pk": 1085, "fields": {"pcn_product_id": 14, "pcn_column_name": "tilename", "pcn_ucd": null}}, {"model": "product.productcontent", "pk": 1086, "fields": {"pcn_product_id": 14, "pcn_column_name": "hpix_32", "pcn_ucd": null}}, {"model": "product.productcontent", "pk": 1087, "fields": {"pcn_product_id": 14, "pcn_column_name": "hpix_64", "pcn_ucd": null}}, {"model": "product.productcontent", "pk": 1088, "fields": {"pcn_product_id": 14, "pcn_column_name": "hpix_1024", "pcn_ucd": null}}, {"model": "product.productcontent", "pk": 1089, "fields": {"pcn_product_id": 14, "pcn_column_name": "hpix_4096", "pcn_ucd": null}}, {"model": "product.productcontent", "pk": 1090, "fields": {"pcn_product_id": 14, "pcn_column_name": "hpix_16384", "pcn_ucd": null}}, {"model": "product.productcontent", "pk": 1091, "fields": {"pcn_product_id": 14, "pcn_column_name": "ra", "pcn_ucd": "pos.eq.ra;meta.main"}}, {"model": "product.productcontent", "pk": 1092, "fields": {"pcn_product_id": 14, "pcn_column_name": "dec", "pcn_ucd": "pos.eq.dec;meta.main"}}, {"model": "product.productcontent", "pk": 1093, "fields": {"pcn_product_id": 14, "pcn_column_name": "alphawin_j2000", "pcn_ucd": null}}, {"model": "product.productcontent", "pk": 1094, "fields": {"pcn_product_id": 14, "pcn_column_name": "deltawin_j2000", "pcn_ucd": null}}, {"model": "product.productcontent", "pk": 1095, "fields": {"pcn_product_id": 14, "pcn_column_name": "galactic_l", "pcn_ucd": null}}, {"model": "product.productcontent", "pk": 1096, "fields": {"pcn_product_id": 14, "pcn_column_name": "galactic_b", "pcn_ucd": null}}, {"model": "product.productcontent", "pk": 1097, "fields": {"pcn_product_id": 14, "pcn_column_name": "xwin_image", "pcn_ucd": null}}, {"model": "product.productcontent", "pk": 1098, "fields": {"pcn_product_id": 14, "pcn_column_name": "ywin_image", "pcn_ucd": null}}, {"model": "product.productcontent", "pk": 1099, "fields": {"pcn_product_id": 14, "pcn_column_name": "a_image", "pcn_ucd": "phys.size.smajAxis;instr.det;meta.main"}}, {"model": "product.productcontent", "pk": 1100, "fields": {"pcn_product_id": 14, "pcn_column_name": "erra_image", "pcn_ucd": null}}, {"model": "product.productcontent", "pk": 1101, "fields": {"pcn_product_id": 14, "pcn_column_name": "b_image", "pcn_ucd": "phys.size.sminAxis;instr.det;meta.main"}}, {"model": "product.productcontent", "pk": 1102, "fields": {"pcn_product_id": 14, "pcn_column_name": "errb_image", "pcn_ucd": null}}, {"model": "product.productcontent", "pk": 1103, "fields": {"pcn_product_id": 14, "pcn_column_name": "theta_j2000", "pcn_ucd": "pos.posAng;instr.det;meta.main"}}, {"model": "product.productcontent", "pk": 1104, "fields": {"pcn_product_id": 14, "pcn_column_name": "errtheta_image", "pcn_ucd": null}}, {"model": "product.productcontent", "pk": 1105, "fields": {"pcn_product_id": 14, "pcn_column_name": "kron_radius", "pcn_ucd": null}}, {"model": "product.productcontent", "pk": 1106, "fields": {"pcn_product_id": 14, "pcn_column_name": "ebv_sfd98", "pcn_ucd": null}}, {"model": "product.productcontent", "pk": 1107, "fields": {"pcn_product_id": 14, "pcn_column_name": "mag_auto_g_dered", "pcn_ucd": null}}, {"model": "product.productcontent", "pk": 1108, "fields": {"pcn_product_id": 14, "pcn_column_name": "mag_auto_r_dered", "pcn_ucd": null}}, {"model": "product.productcontent", "pk": 1109, "fields": {"pcn_product_id": 14, "pcn_column_name": "mag_auto_i_dered", "pcn_ucd": null}}, {"model": "product.productcontent", "pk": 1110, "fields": {"pcn_product_id": 14, "pcn_column_name": "mag_auto_z_dered", "pcn_ucd": null}}, {"model": "product.productcontent", "pk": 1111, "fields": {"pcn_product_id": 14, "pcn_column_name": "mag_auto_y_dered", "pcn_ucd": null}}, {"model": "product.productcontent", "pk": 1112, "fields": {"pcn_product_id": 14, "pcn_column_name": "wavg_mag_psf_g_dered", "pcn_ucd": null}}, {"model": "product.productcontent", "pk": 1113, "fields": {"pcn_product_id": 14, "pcn_column_name": "wavg_mag_psf_r_dered", "pcn_ucd": null}}, {"model": "product.productcontent", "pk": 1114, "fields": {"pcn_product_id": 14, "pcn_column_name": "wavg_mag_psf_i_dered", "pcn_ucd": null}}, {"model": "product.productcontent", "pk": 1115, "fields": {"pcn_product_id": 14, "pcn_column_name": "wavg_mag_psf_z_dered", "pcn_ucd": null}}, {"model": "product.productcontent", "pk": 1116, "fields": {"pcn_product_id": 14, "pcn_column_name": "wavg_mag_psf_y_dered", "pcn_ucd": null}}, {"model": "product.productcontent", "pk": 1117, "fields": {"pcn_product_id": 14, "pcn_column_name": "extended_class_coadd", "pcn_ucd": null}}, {"model": "product.productcontent", "pk": 1118, "fields": {"pcn_product_id": 14, "pcn_column_name": "extended_class_wavg", "pcn_ucd": null}}, {"model": "product.productcontent", "pk": 1119, "fields": {"pcn_product_id": 14, "pcn_column_name": "flags_g", "pcn_ucd": null}}, {"model": "product.productcontent", "pk": 1120, "fields": {"pcn_product_id": 14, "pcn_column_name": "imaflags_iso_g", "pcn_ucd": null}}, {"model": "product.productcontent", "pk": 1121, "fields": {"pcn_product_id": 14, "pcn_column_name": "nepochs_g", "pcn_ucd": null}}, {"model": "product.productcontent", "pk": 1122, "fields": {"pcn_product_id": 14, "pcn_column_name": "flags_r", "pcn_ucd": null}}, {"model": "product.productcontent", "pk": 1123, "fields": {"pcn_product_id": 14, "pcn_column_name": "imaflags_iso_r", "pcn_ucd": null}}, {"model": "product.productcontent", "pk": 1124, "fields": {"pcn_product_id": 14, "pcn_column_name": "nepochs_r", "pcn_ucd": null}}, {"model": "product.productcontent", "pk": 1125, "fields": {"pcn_product_id": 14, "pcn_column_name": "flags_i", "pcn_ucd": null}}, {"model": "product.productcontent", "pk": 1126, "fields": {"pcn_product_id": 14, "pcn_column_name": "imaflags_iso_i", "pcn_ucd": null}}, {"model": "product.productcontent", "pk": 1127, "fields": {"pcn_product_id": 14, "pcn_column_name": "nepochs_i", "pcn_ucd": null}}, {"model": "product.productcontent", "pk": 1128, "fields": {"pcn_product_id": 14, "pcn_column_name": "flags_z", "pcn_ucd": null}}, {"model": "product.productcontent", "pk": 1129, "fields": {"pcn_product_id": 14, "pcn_column_name": "imaflags_iso_z", "pcn_ucd": null}}, {"model": "product.productcontent", "pk": 1130, "fields": {"pcn_product_id": 14, "pcn_column_name": "nepochs_z", "pcn_ucd": null}}, {"model": "product.productcontent", "pk": 1131, "fields": {"pcn_product_id": 14, "pcn_column_name": "flags_y", "pcn_ucd": null}}, {"model": "product.productcontent", "pk": 1132, "fields": {"pcn_product_id": 14, "pcn_column_name": "imaflags_iso_y", "pcn_ucd": null}}, {"model": "product.productcontent", "pk": 1133, "fields": {"pcn_product_id": 14, "pcn_column_name": "nepochs_y", "pcn_ucd": null}}, {"model": "product.productcontent", "pk": 1134, "fields": {"pcn_product_id": 14, "pcn_column_name": "xwin_image_g", "pcn_ucd": null}}, {"model": "product.productcontent", "pk": 1135, "fields": {"pcn_product_id": 14, "pcn_column_name": "xwin_image_r", "pcn_ucd": null}}, {"model": "product.productcontent", "pk": 1136, "fields": {"pcn_product_id": 14, "pcn_column_name": "xwin_image_i", "pcn_ucd": null}}, {"model": "product.productcontent", "pk": 1137, "fields": {"pcn_product_id": 14, "pcn_column_name": "xwin_image_z", "pcn_ucd": null}}, {"model": "product.productcontent", "pk": 1138, "fields": {"pcn_product_id": 14, "pcn_column_name": "xwin_image_y", "pcn_ucd": null}}, {"model": "product.productcontent", "pk": 1139, "fields": {"pcn_product_id": 14, "pcn_column_name": "ywin_image_g", "pcn_ucd": null}}, {"model": "product.productcontent", "pk": 1140, "fields": {"pcn_product_id": 14, "pcn_column_name": "ywin_image_r", "pcn_ucd": null}}, {"model": "product.productcontent", "pk": 1141, "fields": {"pcn_product_id": 14, "pcn_column_name": "ywin_image_i", "pcn_ucd": null}}, {"model": "product.productcontent", "pk": 1142, "fields": {"pcn_product_id": 14, "pcn_column_name": "ywin_image_z", "pcn_ucd": null}}, {"model": "product.productcontent", "pk": 1143, "fields": {"pcn_product_id": 14, "pcn_column_name": "ywin_image_y", "pcn_ucd": null}}, {"model": "product.productcontent", "pk": 1144, "fields": {"pcn_product_id": 14, "pcn_column_name": "x2win_image_g", "pcn_ucd": null}}, {"model": "product.productcontent", "pk": 1145, "fields": {"pcn_product_id": 14, "pcn_column_name": "x2win_image_r", "pcn_ucd": null}}, {"model": "product.productcontent", "pk": 1146, "fields": {"pcn_product_id": 14, "pcn_column_name": "x2win_image_i", "pcn_ucd": null}}, {"model": "product.productcontent", "pk": 1147, "fields": {"pcn_product_id": 14, "pcn_column_name": "x2win_image_z", "pcn_ucd": null}}, {"model": "product.productcontent", "pk": 1148, "fields": {"pcn_product_id": 14, "pcn_column_name": "x2win_image_y", "pcn_ucd": null}}, {"model": "product.productcontent", "pk": 1149, "fields": {"pcn_product_id": 14, "pcn_column_name": "y2win_image_g", "pcn_ucd": null}}, {"model": "product.productcontent", "pk": 1150, "fields": {"pcn_product_id": 14, "pcn_column_name": "y2win_image_r", "pcn_ucd": null}}, {"model": "product.productcontent", "pk": 1151, "fields": {"pcn_product_id": 14, "pcn_column_name": "y2win_image_i", "pcn_ucd": null}}, {"model": "product.productcontent", "pk": 1152, "fields": {"pcn_product_id": 14, "pcn_column_name": "y2win_image_z", "pcn_ucd": null}}, {"model": "product.productcontent", "pk": 1153, "fields": {"pcn_product_id": 14, "pcn_column_name": "y2win_image_y", "pcn_ucd": null}}, {"model": "product.productcontent", "pk": 1154, "fields": {"pcn_product_id": 14, "pcn_column_name": "xywin_image_g", "pcn_ucd": null}}, {"model": "product.productcontent", "pk": 1155, "fields": {"pcn_product_id": 14, "pcn_column_name": "xywin_image_r", "pcn_ucd": null}}, {"model": "product.productcontent", "pk": 1156, "fields": {"pcn_product_id": 14, "pcn_column_name": "xywin_image_i", "pcn_ucd": null}}, {"model": "product.productcontent", "pk": 1157, "fields": {"pcn_product_id": 14, "pcn_column_name": "xywin_image_z", "pcn_ucd": null}}, {"model": "product.productcontent", "pk": 1158, "fields": {"pcn_product_id": 14, "pcn_column_name": "xywin_image_y", "pcn_ucd": null}}, {"model": "product.productcontent", "pk": 1159, "fields": {"pcn_product_id": 14, "pcn_column_name": "errx2win_image_g", "pcn_ucd": null}}, {"model": "product.productcontent", "pk": 1160, "fields": {"pcn_product_id": 14, "pcn_column_name": "errx2win_image_r", "pcn_ucd": null}}, {"model": "product.productcontent", "pk": 1161, "fields": {"pcn_product_id": 14, "pcn_column_name": "errx2win_image_i", "pcn_ucd": null}}, {"model": "product.productcontent", "pk": 1162, "fields": {"pcn_product_id": 14, "pcn_column_name": "errx2win_image_z", "pcn_ucd": null}}, {"model": "product.productcontent", "pk": 1163, "fields": {"pcn_product_id": 14, "pcn_column_name": "errx2win_image_y", "pcn_ucd": null}}, {"model": "product.productcontent", "pk": 1164, "fields": {"pcn_product_id": 14, "pcn_column_name": "erry2win_image_g", "pcn_ucd": null}}, {"model": "product.productcontent", "pk": 1165, "fields": {"pcn_product_id": 14, "pcn_column_name": "erry2win_image_r", "pcn_ucd": null}}, {"model": "product.productcontent", "pk": 1166, "fields": {"pcn_product_id": 14, "pcn_column_name": "erry2win_image_i", "pcn_ucd": null}}, {"model": "product.productcontent", "pk": 1167, "fields": {"pcn_product_id": 14, "pcn_column_name": "erry2win_image_z", "pcn_ucd": null}}, {"model": "product.productcontent", "pk": 1168, "fields": {"pcn_product_id": 14, "pcn_column_name": "erry2win_image_y", "pcn_ucd": null}}, {"model": "product.productcontent", "pk": 1169, "fields": {"pcn_product_id": 14, "pcn_column_name": "errxywin_image_g", "pcn_ucd": null}}, {"model": "product.productcontent", "pk": 1170, "fields": {"pcn_product_id": 14, "pcn_column_name": "errxywin_image_r", "pcn_ucd": null}}, {"model": "product.productcontent", "pk": 1171, "fields": {"pcn_product_id": 14, "pcn_column_name": "errxywin_image_i", "pcn_ucd": null}}, {"model": "product.productcontent", "pk": 1172, "fields": {"pcn_product_id": 14, "pcn_column_name": "errxywin_image_z", "pcn_ucd": null}}, {"model": "product.productcontent", "pk": 1173, "fields": {"pcn_product_id": 14, "pcn_column_name": "errxywin_image_y", "pcn_ucd": null}}, {"model": "product.productcontent", "pk": 1174, "fields": {"pcn_product_id": 14, "pcn_column_name": "awin_image_g", "pcn_ucd": null}}, {"model": "product.productcontent", "pk": 1175, "fields": {"pcn_product_id": 14, "pcn_column_name": "awin_image_r", "pcn_ucd": null}}, {"model": "product.productcontent", "pk": 1176, "fields": {"pcn_product_id": 14, "pcn_column_name": "awin_image_i", "pcn_ucd": null}}, {"model": "product.productcontent", "pk": 1177, "fields": {"pcn_product_id": 14, "pcn_column_name": "awin_image_z", "pcn_ucd": null}}, {"model": "product.productcontent", "pk": 1178, "fields": {"pcn_product_id": 14, "pcn_column_name": "awin_image_y", "pcn_ucd": null}}, {"model": "product.productcontent", "pk": 1179, "fields": {"pcn_product_id": 14, "pcn_column_name": "bwin_image_g", "pcn_ucd": null}}, {"model": "product.productcontent", "pk": 1180, "fields": {"pcn_product_id": 14, "pcn_column_name": "bwin_image_r", "pcn_ucd": null}}, {"model": "product.productcontent", "pk": 1181, "fields": {"pcn_product_id": 14, "pcn_column_name": "bwin_image_i", "pcn_ucd": null}}, {"model": "product.productcontent", "pk": 1182, "fields": {"pcn_product_id": 14, "pcn_column_name": "bwin_image_z", "pcn_ucd": null}}, {"model": "product.productcontent", "pk": 1183, "fields": {"pcn_product_id": 14, "pcn_column_name": "bwin_image_y", "pcn_ucd": null}}, {"model": "product.productcontent", "pk": 1184, "fields": {"pcn_product_id": 14, "pcn_column_name": "thetawin_image_g", "pcn_ucd": null}}, {"model": "product.productcontent", "pk": 1185, "fields": {"pcn_product_id": 14, "pcn_column_name": "thetawin_image_r", "pcn_ucd": null}}, {"model": "product.productcontent", "pk": 1186, "fields": {"pcn_product_id": 14, "pcn_column_name": "thetawin_image_i", "pcn_ucd": null}}, {"model": "product.productcontent", "pk": 1187, "fields": {"pcn_product_id": 14, "pcn_column_name": "thetawin_image_z", "pcn_ucd": null}}, {"model": "product.productcontent", "pk": 1188, "fields": {"pcn_product_id": 14, "pcn_column_name": "thetawin_image_y", "pcn_ucd": null}}, {"model": "product.productcontent", "pk": 1189, "fields": {"pcn_product_id": 14, "pcn_column_name": "errawin_image_g", "pcn_ucd": null}}, {"model": "product.productcontent", "pk": 1190, "fields": {"pcn_product_id": 14, "pcn_column_name": "errawin_image_r", "pcn_ucd": null}}, {"model": "product.productcontent", "pk": 1191, "fields": {"pcn_product_id": 14, "pcn_column_name": "errawin_image_i", "pcn_ucd": null}}, {"model": "product.productcontent", "pk": 1192, "fields": {"pcn_product_id": 14, "pcn_column_name": "errawin_image_z", "pcn_ucd": null}}, {"model": "product.productcontent", "pk": 1193, "fields": {"pcn_product_id": 14, "pcn_column_name": "errawin_image_y", "pcn_ucd": null}}, {"model": "product.productcontent", "pk": 1194, "fields": {"pcn_product_id": 14, "pcn_column_name": "errbwin_image_g", "pcn_ucd": null}}, {"model": "product.productcontent", "pk": 1195, "fields": {"pcn_product_id": 14, "pcn_column_name": "errbwin_image_r", "pcn_ucd": null}}, {"model": "product.productcontent", "pk": 1196, "fields": {"pcn_product_id": 14, "pcn_column_name": "errbwin_image_i", "pcn_ucd": null}}, {"model": "product.productcontent", "pk": 1197, "fields": {"pcn_product_id": 14, "pcn_column_name": "errbwin_image_z", "pcn_ucd": null}}, {"model": "product.productcontent", "pk": 1198, "fields": {"pcn_product_id": 14, "pcn_column_name": "errbwin_image_y", "pcn_ucd": null}}, {"model": "product.productcontent", "pk": 1199, "fields": {"pcn_product_id": 14, "pcn_column_name": "errthetawin_image_g", "pcn_ucd": null}}, {"model": "product.productcontent", "pk": 1200, "fields": {"pcn_product_id": 14, "pcn_column_name": "errthetawin_image_r", "pcn_ucd": null}}, {"model": "product.productcontent", "pk": 1201, "fields": {"pcn_product_id": 14, "pcn_column_name": "errthetawin_image_i", "pcn_ucd": null}}, {"model": "product.productcontent", "pk": 1202, "fields": {"pcn_product_id": 14, "pcn_column_name": "errthetawin_image_z", "pcn_ucd": null}}, {"model": "product.productcontent", "pk": 1203, "fields": {"pcn_product_id": 14, "pcn_column_name": "errthetawin_image_y", "pcn_ucd": null}}, {"model": "product.productcontent", "pk": 1204, "fields": {"pcn_product_id": 14, "pcn_column_name": "flux_radius_g", "pcn_ucd": null}}, {"model": "product.productcontent", "pk": 1205, "fields": {"pcn_product_id": 14, "pcn_column_name": "flux_radius_r", "pcn_ucd": null}}, {"model": "product.productcontent", "pk": 1206, "fields": {"pcn_product_id": 14, "pcn_column_name": "flux_radius_i", "pcn_ucd": null}}, {"model": "product.productcontent", "pk": 1207, "fields": {"pcn_product_id": 14, "pcn_column_name": "flux_radius_z", "pcn_ucd": null}}, {"model": "product.productcontent", "pk": 1208, "fields": {"pcn_product_id": 14, "pcn_column_name": "flux_radius_y", "pcn_ucd": null}}, {"model": "product.productcontent", "pk": 1209, "fields": {"pcn_product_id": 14, "pcn_column_name": "fwhm_image_g", "pcn_ucd": null}}, {"model": "product.productcontent", "pk": 1210, "fields": {"pcn_product_id": 14, "pcn_column_name": "fwhm_image_r", "pcn_ucd": null}}, {"model": "product.productcontent", "pk": 1211, "fields": {"pcn_product_id": 14, "pcn_column_name": "fwhm_image_i", "pcn_ucd": null}}, {"model": "product.productcontent", "pk": 1212, "fields": {"pcn_product_id": 14, "pcn_column_name": "fwhm_image_z", "pcn_ucd": null}}, {"model": "product.productcontent", "pk": 1213, "fields": {"pcn_product_id": 14, "pcn_column_name": "fwhm_image_y", "pcn_ucd": null}}, {"model": "product.productcontent", "pk": 1214, "fields": {"pcn_product_id": 14, "pcn_column_name": "isoarea_image_g", "pcn_ucd": null}}, {"model": "product.productcontent", "pk": 1215, "fields": {"pcn_product_id": 14, "pcn_column_name": "isoarea_image_r", "pcn_ucd": null}}, {"model": "product.productcontent", "pk": 1216, "fields": {"pcn_product_id": 14, "pcn_column_name": "isoarea_image_i", "pcn_ucd": null}}, {"model": "product.productcontent", "pk": 1217, "fields": {"pcn_product_id": 14, "pcn_column_name": "isoarea_image_z", "pcn_ucd": null}}, {"model": "product.productcontent", "pk": 1218, "fields": {"pcn_product_id": 14, "pcn_column_name": "isoarea_image_y", "pcn_ucd": null}}, {"model": "product.productcontent", "pk": 1219, "fields": {"pcn_product_id": 14, "pcn_column_name": "background_g", "pcn_ucd": null}}, {"model": "product.productcontent", "pk": 1220, "fields": {"pcn_product_id": 14, "pcn_column_name": "background_r", "pcn_ucd": null}}, {"model": "product.productcontent", "pk": 1221, "fields": {"pcn_product_id": 14, "pcn_column_name": "background_i", "pcn_ucd": null}}, {"model": "product.productcontent", "pk": 1222, "fields": {"pcn_product_id": 14, "pcn_column_name": "background_z", "pcn_ucd": null}}, {"model": "product.productcontent", "pk": 1223, "fields": {"pcn_product_id": 14, "pcn_column_name": "background_y", "pcn_ucd": null}}, {"model": "product.productcontent", "pk": 1224, "fields": {"pcn_product_id": 14, "pcn_column_name": "niter_model_g", "pcn_ucd": null}}, {"model": "product.productcontent", "pk": 1225, "fields": {"pcn_product_id": 14, "pcn_column_name": "niter_model_r", "pcn_ucd": null}}, {"model": "product.productcontent", "pk": 1226, "fields": {"pcn_product_id": 14, "pcn_column_name": "niter_model_i", "pcn_ucd": null}}, {"model": "product.productcontent", "pk": 1227, "fields": {"pcn_product_id": 14, "pcn_column_name": "niter_model_z", "pcn_ucd": null}}, {"model": "product.productcontent", "pk": 1228, "fields": {"pcn_product_id": 14, "pcn_column_name": "niter_model_y", "pcn_ucd": null}}, {"model": "product.productcontent", "pk": 1229, "fields": {"pcn_product_id": 14, "pcn_column_name": "kron_radius_g", "pcn_ucd": null}}, {"model": "product.productcontent", "pk": 1230, "fields": {"pcn_product_id": 14, "pcn_column_name": "kron_radius_r", "pcn_ucd": null}}, {"model": "product.productcontent", "pk": 1231, "fields": {"pcn_product_id": 14, "pcn_column_name": "kron_radius_i", "pcn_ucd": null}}, {"model": "product.productcontent", "pk": 1232, "fields": {"pcn_product_id": 14, "pcn_column_name": "kron_radius_z", "pcn_ucd": null}}, {"model": "product.productcontent", "pk": 1233, "fields": {"pcn_product_id": 14, "pcn_column_name": "kron_radius_y", "pcn_ucd": null}}, {"model": "product.productcontent", "pk": 1234, "fields": {"pcn_product_id": 14, "pcn_column_name": "mag_auto_g", "pcn_ucd": "phot.mag;meta.main;em.opt.g"}}, {"model": "product.productcontent", "pk": 1235, "fields": {"pcn_product_id": 14, "pcn_column_name": "mag_auto_r", "pcn_ucd": "phot.mag;meta.main;em.opt.r"}}, {"model": "product.productcontent", "pk": 1236, "fields": {"pcn_product_id": 14, "pcn_column_name": "mag_auto_i", "pcn_ucd": "phot.mag;meta.main;em.opt.i"}}, {"model": "product.productcontent", "pk": 1237, "fields": {"pcn_product_id": 14, "pcn_column_name": "mag_auto_z", "pcn_ucd": "phot.mag;meta.main;em.opt.z"}}, {"model": "product.productcontent", "pk": 1238, "fields": {"pcn_product_id": 14, "pcn_column_name": "mag_auto_y", "pcn_ucd": "phot.mag;meta.main;em.opt.Y"}}, {"model": "product.productcontent", "pk": 1239, "fields": {"pcn_product_id": 14, "pcn_column_name": "magerr_auto_g", "pcn_ucd": null}}, {"model": "product.productcontent", "pk": 1240, "fields": {"pcn_product_id": 14, "pcn_column_name": "magerr_auto_r", "pcn_ucd": null}}, {"model": "product.productcontent", "pk": 1241, "fields": {"pcn_product_id": 14, "pcn_column_name": "magerr_auto_i", "pcn_ucd": null}}, {"model": "product.productcontent", "pk": 1242, "fields": {"pcn_product_id": 14, "pcn_column_name": "magerr_auto_z", "pcn_ucd": null}}, {"model": "product.productcontent", "pk": 1243, "fields": {"pcn_product_id": 14, "pcn_column_name": "magerr_auto_y", "pcn_ucd": null}}, {"model": "product.productcontent", "pk": 1244, "fields": {"pcn_product_id": 14, "pcn_column_name": "wavg_mag_psf_g", "pcn_ucd": null}}, {"model": "product.productcontent", "pk": 1245, "fields": {"pcn_product_id": 14, "pcn_column_name": "wavg_mag_psf_r", "pcn_ucd": null}}, {"model": "product.productcontent", "pk": 1246, "fields": {"pcn_product_id": 14, "pcn_column_name": "wavg_mag_psf_i", "pcn_ucd": null}}, {"model": "product.productcontent", "pk": 1247, "fields": {"pcn_product_id": 14, "pcn_column_name": "wavg_mag_psf_z", "pcn_ucd": null}}, {"model": "product.productcontent", "pk": 1248, "fields": {"pcn_product_id": 14, "pcn_column_name": "wavg_mag_psf_y", "pcn_ucd": null}}, {"model": "product.productcontent", "pk": 1249, "fields": {"pcn_product_id": 14, "pcn_column_name": "wavg_magerr_psf_g", "pcn_ucd": null}}, {"model": "product.productcontent", "pk": 1250, "fields": {"pcn_product_id": 14, "pcn_column_name": "wavg_magerr_psf_r", "pcn_ucd": null}}, {"model": "product.productcontent", "pk": 1251, "fields": {"pcn_product_id": 14, "pcn_column_name": "wavg_magerr_psf_i", "pcn_ucd": null}}, {"model": "product.productcontent", "pk": 1252, "fields": {"pcn_product_id": 14, "pcn_column_name": "wavg_magerr_psf_z", "pcn_ucd": null}}, {"model": "product.productcontent", "pk": 1253, "fields": {"pcn_product_id": 14, "pcn_column_name": "wavg_magerr_psf_y", "pcn_ucd": null}}, {"model": "product.productcontent", "pk": 1254, "fields": {"pcn_product_id": 14, "pcn_column_name": "flux_auto_g", "pcn_ucd": null}}, {"model": "product.productcontent", "pk": 1255, "fields": {"pcn_product_id": 14, "pcn_column_name": "flux_auto_r", "pcn_ucd": null}}, {"model": "product.productcontent", "pk": 1256, "fields": {"pcn_product_id": 14, "pcn_column_name": "flux_auto_i", "pcn_ucd": null}}, {"model": "product.productcontent", "pk": 1257, "fields": {"pcn_product_id": 14, "pcn_column_name": "flux_auto_z", "pcn_ucd": null}}, {"model": "product.productcontent", "pk": 1258, "fields": {"pcn_product_id": 14, "pcn_column_name": "flux_auto_y", "pcn_ucd": null}}, {"model": "product.productcontent", "pk": 1259, "fields": {"pcn_product_id": 14, "pcn_column_name": "fluxerr_auto_g", "pcn_ucd": null}}, {"model": "product.productcontent", "pk": 1260, "fields": {"pcn_product_id": 14, "pcn_column_name": "fluxerr_auto_r", "pcn_ucd": null}}, {"model": "product.productcontent", "pk": 1261, "fields": {"pcn_product_id": 14, "pcn_column_name": "fluxerr_auto_i", "pcn_ucd": null}}, {"model": "product.productcontent", "pk": 1262, "fields": {"pcn_product_id": 14, "pcn_column_name": "fluxerr_auto_z", "pcn_ucd": null}}, {"model": "product.productcontent", "pk": 1263, "fields": {"pcn_product_id": 14, "pcn_column_name": "fluxerr_auto_y", "pcn_ucd": null}}, {"model": "product.productcontent", "pk": 1264, "fields": {"pcn_product_id": 14, "pcn_column_name": "wavg_flux_psf_g", "pcn_ucd": null}}, {"model": "product.productcontent", "pk": 1265, "fields": {"pcn_product_id": 14, "pcn_column_name": "wavg_flux_psf_r", "pcn_ucd": null}}, {"model": "product.productcontent", "pk": 1266, "fields": {"pcn_product_id": 14, "pcn_column_name": "wavg_flux_psf_i", "pcn_ucd": null}}, {"model": "product.productcontent", "pk": 1267, "fields": {"pcn_product_id": 14, "pcn_column_name": "wavg_flux_psf_z", "pcn_ucd": null}}, {"model": "product.productcontent", "pk": 1268, "fields": {"pcn_product_id": 14, "pcn_column_name": "wavg_flux_psf_y", "pcn_ucd": null}}, {"model": "product.productcontent", "pk": 1269, "fields": {"pcn_product_id": 14, "pcn_column_name": "wavg_fluxerr_psf_g", "pcn_ucd": null}}, {"model": "product.productcontent", "pk": 1270, "fields": {"pcn_product_id": 14, "pcn_column_name": "wavg_fluxerr_psf_r", "pcn_ucd": null}}, {"model": "product.productcontent", "pk": 1271, "fields": {"pcn_product_id": 14, "pcn_column_name": "wavg_fluxerr_psf_i", "pcn_ucd": null}}, {"model": "product.productcontent", "pk": 1272, "fields": {"pcn_product_id": 14, "pcn_column_name": "wavg_fluxerr_psf_z", "pcn_ucd": null}}, {"model": "product.productcontent", "pk": 1273, "fields": {"pcn_product_id": 14, "pcn_column_name": "wavg_fluxerr_psf_y", "pcn_ucd": null}}, {"model": "product.productcontent", "pk": 1274, "fields": {"pcn_product_id": 14, "pcn_column_name": "class_star_g", "pcn_ucd": null}}, {"model": "product.productcontent", "pk": 1275, "fields": {"pcn_product_id": 14, "pcn_column_name": "class_star_r", "pcn_ucd": null}}, {"model": "product.productcontent", "pk": 1276, "fields": {"pcn_product_id": 14, "pcn_column_name": "class_star_i", "pcn_ucd": null}}, {"model": "product.productcontent", "pk": 1277, "fields": {"pcn_product_id": 14, "pcn_column_name": "class_star_z", "pcn_ucd": null}}, {"model": "product.productcontent", "pk": 1278, "fields": {"pcn_product_id": 14, "pcn_column_name": "class_star_y", "pcn_ucd": null}}, {"model": "product.productcontent", "pk": 1279, "fields": {"pcn_product_id": 14, "pcn_column_name": "spread_model_g", "pcn_ucd": null}}, {"model": "product.productcontent", "pk": 1280, "fields": {"pcn_product_id": 14, "pcn_column_name": "spread_model_r", "pcn_ucd": null}}, {"model": "product.productcontent", "pk": 1281, "fields": {"pcn_product_id": 14, "pcn_column_name": "spread_model_i", "pcn_ucd": null}}, {"model": "product.productcontent", "pk": 1282, "fields": {"pcn_product_id": 14, "pcn_column_name": "spread_model_z", "pcn_ucd": null}}, {"model": "product.productcontent", "pk": 1283, "fields": {"pcn_product_id": 14, "pcn_column_name": "spread_model_y", "pcn_ucd": null}}, {"model": "product.productcontent", "pk": 1284, "fields": {"pcn_product_id": 14, "pcn_column_name": "wavg_spread_model_g", "pcn_ucd": null}}, {"model": "product.productcontent", "pk": 1285, "fields": {"pcn_product_id": 14, "pcn_column_name": "wavg_spread_model_r", "pcn_ucd": null}}, {"model": "product.productcontent", "pk": 1286, "fields": {"pcn_product_id": 14, "pcn_column_name": "wavg_spread_model_i", "pcn_ucd": null}}, {"model": "product.productcontent", "pk": 1287, "fields": {"pcn_product_id": 14, "pcn_column_name": "wavg_spread_model_z", "pcn_ucd": null}}, {"model": "product.productcontent", "pk": 1288, "fields": {"pcn_product_id": 14, "pcn_column_name": "wavg_spread_model_y", "pcn_ucd": null}}, {"model": "product.productcontent", "pk": 1289, "fields": {"pcn_product_id": 14, "pcn_column_name": "spreaderr_model_g", "pcn_ucd": null}}, {"model": "product.productcontent", "pk": 1290, "fields": {"pcn_product_id": 14, "pcn_column_name": "spreaderr_model_r", "pcn_ucd": null}}, {"model": "product.productcontent", "pk": 1291, "fields": {"pcn_product_id": 14, "pcn_column_name": "spreaderr_model_i", "pcn_ucd": null}}, {"model": "product.productcontent", "pk": 1292, "fields": {"pcn_product_id": 14, "pcn_column_name": "spreaderr_model_z", "pcn_ucd": null}}, {"model": "product.productcontent", "pk": 1293, "fields": {"pcn_product_id": 14, "pcn_column_name": "spreaderr_model_y", "pcn_ucd": null}}, {"model": "product.productcontent", "pk": 1294, "fields": {"pcn_product_id": 14, "pcn_column_name": "wavg_spreaderr_model_g", "pcn_ucd": null}}, {"model": "product.productcontent", "pk": 1295, "fields": {"pcn_product_id": 14, "pcn_column_name": "wavg_spreaderr_model_r", "pcn_ucd": null}}, {"model": "product.productcontent", "pk": 1296, "fields": {"pcn_product_id": 14, "pcn_column_name": "wavg_spreaderr_model_i", "pcn_ucd": null}}, {"model": "product.productcontent", "pk": 1297, "fields": {"pcn_product_id": 14, "pcn_column_name": "wavg_spreaderr_model_z", "pcn_ucd": null}}, {"model": "product.productcontent", "pk": 1298, "fields": {"pcn_product_id": 14, "pcn_column_name": "wavg_spreaderr_model_y", "pcn_ucd": null}}, {"model": "product.productsetting", "pk": 3, "fields": {"cst_product": 16, "owner": 1, "cst_display_name": "Default", "cst_description": null, "cst_is_editable": false, "cst_is_public": true}}, {"model": "product.productsetting", "pk": 5, "fields": {"cst_product": 18, "owner": 1, "cst_display_name": "Default", "cst_description": null, "cst_is_editable": false, "cst_is_public": true}}, {"model": "product.productsetting", "pk": 7, "fields": {"cst_product": 14, "owner": 1, "cst_display_name": "Default", "cst_description": null, "cst_is_editable": false, "cst_is_public": true}}, {"model": "product.currentsetting", "pk": 3, "fields": {"cst_product": 16, "cst_setting": 3, "owner": 1}}, {"model": "product.currentsetting", "pk": 5, "fields": {"cst_product": 18, "cst_setting": 5, "owner": 1}}, {"model": "product.currentsetting", "pk": 7, "fields": {"cst_product": 14, "cst_setting": 7, "owner": 1}}, {"model": "product.productcontentassociation", "pk": 1, "fields": {"pca_product": 1, "pca_class_content": 1, "pca_product_content": 91}}, {"model": "product.productcontentassociation", "pk": 4, "fields": {"pca_product": 1, "pca_class_content": 2, "pca_product_content": 7}}, {"model": "product.productcontentassociation", "pk": 5, "fields": {"pca_product": 1, "pca_class_content": 3, "pca_product_content": 8}}, {"model": "product.productcontentassociation", "pk": 6, "fields": {"pca_product": 1, "pca_class_content": 1738, "pca_product_content": 9}}, {"model": "product.productcontentassociation", "pk": 7, "fields": {"pca_product": 1, "pca_class_content": 1739, "pca_product_content": 70}}, {"model": "product.productcontentassociation", "pk": 8, "fields": {"pca_product": 1, "pca_class_content": 32, "pca_product_content": 68}}, {"model": "product.productcontentassociation", "pk": 9, "fields": {"pca_product": 1, "pca_class_content": 31, "pca_product_content": 75}}, {"model": "product.productcontentassociation", "pk": 10, "fields": {"pca_product": 1, "pca_class_content": 1740, "pca_product_content": 39}}, {"model": "product.productcontentassociation", "pk": 23, "fields": {"pca_product": 2, "pca_class_content": 3486, "pca_product_content": 177}}, {"model": "product.productcontentassociation", "pk": 24, "fields": {"pca_product": 2, "pca_class_content": 3488, "pca_product_content": 169}}, {"model": "product.productcontentassociation", "pk": 25, "fields": {"pca_product": 2, "pca_class_content": 3489, "pca_product_content": 170}}, {"model": "product.productcontentassociation", "pk": 26, "fields": {"pca_product": 2, "pca_class_content": 3490, "pca_product_content": 171}}, {"model": "product.productcontentassociation", "pk": 27, "fields": {"pca_product": 2, "pca_class_content": 3491, "pca_product_content": 172}}, {"model": "product.productcontentassociation", "pk": 28, "fields": {"pca_product": 2, "pca_class_content": 3492, "pca_product_content": 173}}, {"model": "product.productcontentassociation", "pk": 29, "fields": {"pca_product": 2, "pca_class_content": 3493, "pca_product_content": 157}}, {"model": "product.productcontentassociation", "pk": 30, "fields": {"pca_product": 2, "pca_class_content": 2, "pca_product_content": 153}}, {"model": "product.productcontentassociation", "pk": 31, "fields": {"pca_product": 2, "pca_class_content": 3, "pca_product_content": 154}}, {"model": "product.productcontentassociation", "pk": 32, "fields": {"pca_product": 2, "pca_class_content": 1, "pca_product_content": 145}}, {"model": "product.productcontentassociation", "pk": 33, "fields": {"pca_product": 3, "pca_class_content": 1, "pca_product_content": 184}}, {"model": "product.productcontentassociation", "pk": 34, "fields": {"pca_product": 3, "pca_class_content": 2, "pca_product_content": 185}}, {"model": "product.productcontentassociation", "pk": 35, "fields": {"pca_product": 3, "pca_class_content": 3, "pca_product_content": 186}}, {"model": "product.productcontentassociation", "pk": 36, "fields": {"pca_product": 4, "pca_class_content": 1, "pca_product_content": 191}}, {"model": "product.productcontentassociation", "pk": 37, "fields": {"pca_product": 4, "pca_class_content": 2, "pca_product_content": 192}}, {"model": "product.productcontentassociation", "pk": 38, "fields": {"pca_product": 4, "pca_class_content": 3, "pca_product_content": 193}}, {"model": "product.productcontentassociation", "pk": 47, "fields": {"pca_product": 7, "pca_class_content": 2, "pca_product_content": 220}}, {"model": "product.productcontentassociation", "pk": 48, "fields": {"pca_product": 7, "pca_class_content": 3, "pca_product_content": 221}}, {"model": "product.productcontentassociation", "pk": 49, "fields": {"pca_product": 7, "pca_class_content": 1, "pca_product_content": 219}}, {"model": "product.productcontentassociation", "pk": 50, "fields": {"pca_product": 8, "pca_class_content": 1, "pca_product_content": 222}}, {"model": "product.productcontentassociation", "pk": 51, "fields": {"pca_product": 8, "pca_class_content": 2, "pca_product_content": 224}}, {"model": "product.productcontentassociation", "pk": 52, "fields": {"pca_product": 8, "pca_class_content": 3, "pca_product_content": 225}}, {"model": "product.productcontentassociation", "pk": 53, "fields": {"pca_product": 8, "pca_class_content": 4, "pca_product_content": 229}}, {"model": "product.productcontentassociation", "pk": 65, "fields": {"pca_product": 16, "pca_class_content": 1, "pca_product_content": 599}}, {"model": "product.productcontentassociation", "pk": 66, "fields": {"pca_product": 16, "pca_class_content": 2, "pca_product_content": 602}}, {"model": "product.productcontentassociation", "pk": 67, "fields": {"pca_product": 16, "pca_class_content": 3, "pca_product_content": 604}}, {"model": "product.productcontentassociation", "pk": 70, "fields": {"pca_product": 18, "pca_class_content": 1, "pca_product_content": 837}}, {"model": "product.productcontentassociation", "pk": 71, "fields": {"pca_product": 18, "pca_class_content": 2, "pca_product_content": 809}}, {"model": "product.productcontentassociation", "pk": 72, "fields": {"pca_product": 18, "pca_class_content": 3, "pca_product_content": 810}}, {"model": "product.productcontentassociation", "pk": 84, "fields": {"pca_product": 14, "pca_class_content": 1, "pca_product_content": 1084}}, {"model": "product.productcontentassociation", "pk": 85, "fields": {"pca_product": 14, "pca_class_content": 2, "pca_product_content": 1091}}, {"model": "product.productcontentassociation", "pk": 86, "fields": {"pca_product": 14, "pca_class_content": 3, "pca_product_content": 1092}}, {"model": "product.productcontentsetting", "pk": 368, "fields": {"pcs_content": 597, "pcs_setting": 3, "pcs_is_visible": true, "pcs_order": 0}}, {"model": "product.productcontentsetting", "pk": 369, "fields": {"pcs_content": 598, "pcs_setting": 3, "pcs_is_visible": true, "pcs_order": 1}}, {"model": "product.productcontentsetting", "pk": 370, "fields": {"pcs_content": 599, "pcs_setting": 3, "pcs_is_visible": true, "pcs_order": 2}}, {"model": "product.productcontentsetting", "pk": 371, "fields": {"pcs_content": 600, "pcs_setting": 3, "pcs_is_visible": true, "pcs_order": 3}}, {"model": "product.productcontentsetting", "pk": 372, "fields": {"pcs_content": 601, "pcs_setting": 3, "pcs_is_visible": true, "pcs_order": 4}}, {"model": "product.productcontentsetting", "pk": 373, "fields": {"pcs_content": 602, "pcs_setting": 3, "pcs_is_visible": true, "pcs_order": 5}}, {"model": "product.productcontentsetting", "pk": 374, "fields": {"pcs_content": 603, "pcs_setting": 3, "pcs_is_visible": true, "pcs_order": 6}}, {"model": "product.productcontentsetting", "pk": 375, "fields": {"pcs_content": 604, "pcs_setting": 3, "pcs_is_visible": true, "pcs_order": 7}}, {"model": "product.productcontentsetting", "pk": 376, "fields": {"pcs_content": 605, "pcs_setting": 3, "pcs_is_visible": true, "pcs_order": 8}}, {"model": "product.productcontentsetting", "pk": 377, "fields": {"pcs_content": 606, "pcs_setting": 3, "pcs_is_visible": true, "pcs_order": 9}}, {"model": "product.productcontentsetting", "pk": 378, "fields": {"pcs_content": 607, "pcs_setting": 3, "pcs_is_visible": true, "pcs_order": 10}}, {"model": "product.productcontentsetting", "pk": 379, "fields": {"pcs_content": 608, "pcs_setting": 3, "pcs_is_visible": true, "pcs_order": 11}}, {"model": "product.productcontentsetting", "pk": 380, "fields": {"pcs_content": 609, "pcs_setting": 3, "pcs_is_visible": true, "pcs_order": 12}}, {"model": "product.productcontentsetting", "pk": 381, "fields": {"pcs_content": 610, "pcs_setting": 3, "pcs_is_visible": true, "pcs_order": 13}}, {"model": "product.productcontentsetting", "pk": 382, "fields": {"pcs_content": 611, "pcs_setting": 3, "pcs_is_visible": true, "pcs_order": 14}}, {"model": "product.productcontentsetting", "pk": 383, "fields": {"pcs_content": 612, "pcs_setting": 3, "pcs_is_visible": true, "pcs_order": 15}}, {"model": "product.productcontentsetting", "pk": 384, "fields": {"pcs_content": 613, "pcs_setting": 3, "pcs_is_visible": true, "pcs_order": 16}}, {"model": "product.productcontentsetting", "pk": 385, "fields": {"pcs_content": 614, "pcs_setting": 3, "pcs_is_visible": true, "pcs_order": 17}}, {"model": "product.productcontentsetting", "pk": 386, "fields": {"pcs_content": 615, "pcs_setting": 3, "pcs_is_visible": true, "pcs_order": 18}}, {"model": "product.productcontentsetting", "pk": 387, "fields": {"pcs_content": 616, "pcs_setting": 3, "pcs_is_visible": true, "pcs_order": 19}}, {"model": "product.productcontentsetting", "pk": 388, "fields": {"pcs_content": 617, "pcs_setting": 3, "pcs_is_visible": true, "pcs_order": 20}}, {"model": "product.productcontentsetting", "pk": 389, "fields": {"pcs_content": 618, "pcs_setting": 3, "pcs_is_visible": true, "pcs_order": 21}}, {"model": "product.productcontentsetting", "pk": 390, "fields": {"pcs_content": 619, "pcs_setting": 3, "pcs_is_visible": true, "pcs_order": 22}}, {"model": "product.productcontentsetting", "pk": 391, "fields": {"pcs_content": 620, "pcs_setting": 3, "pcs_is_visible": true, "pcs_order": 23}}, {"model": "product.productcontentsetting", "pk": 392, "fields": {"pcs_content": 621, "pcs_setting": 3, "pcs_is_visible": true, "pcs_order": 24}}, {"model": "product.productcontentsetting", "pk": 393, "fields": {"pcs_content": 622, "pcs_setting": 3, "pcs_is_visible": true, "pcs_order": 25}}, {"model": "product.productcontentsetting", "pk": 394, "fields": {"pcs_content": 623, "pcs_setting": 3, "pcs_is_visible": true, "pcs_order": 26}}, {"model": "product.productcontentsetting", "pk": 395, "fields": {"pcs_content": 624, "pcs_setting": 3, "pcs_is_visible": true, "pcs_order": 27}}, {"model": "product.productcontentsetting", "pk": 396, "fields": {"pcs_content": 625, "pcs_setting": 3, "pcs_is_visible": true, "pcs_order": 28}}, {"model": "product.productcontentsetting", "pk": 397, "fields": {"pcs_content": 626, "pcs_setting": 3, "pcs_is_visible": true, "pcs_order": 29}}, {"model": "product.productcontentsetting", "pk": 398, "fields": {"pcs_content": 627, "pcs_setting": 3, "pcs_is_visible": true, "pcs_order": 30}}, {"model": "product.productcontentsetting", "pk": 399, "fields": {"pcs_content": 628, "pcs_setting": 3, "pcs_is_visible": true, "pcs_order": 31}}, {"model": "product.productcontentsetting", "pk": 400, "fields": {"pcs_content": 629, "pcs_setting": 3, "pcs_is_visible": true, "pcs_order": 32}}, {"model": "product.productcontentsetting", "pk": 401, "fields": {"pcs_content": 630, "pcs_setting": 3, "pcs_is_visible": true, "pcs_order": 33}}, {"model": "product.productcontentsetting", "pk": 402, "fields": {"pcs_content": 631, "pcs_setting": 3, "pcs_is_visible": true, "pcs_order": 34}}, {"model": "product.productcontentsetting", "pk": 403, "fields": {"pcs_content": 632, "pcs_setting": 3, "pcs_is_visible": true, "pcs_order": 35}}, {"model": "product.productcontentsetting", "pk": 404, "fields": {"pcs_content": 633, "pcs_setting": 3, "pcs_is_visible": true, "pcs_order": 36}}, {"model": "product.productcontentsetting", "pk": 405, "fields": {"pcs_content": 634, "pcs_setting": 3, "pcs_is_visible": true, "pcs_order": 37}}, {"model": "product.productcontentsetting", "pk": 406, "fields": {"pcs_content": 635, "pcs_setting": 3, "pcs_is_visible": true, "pcs_order": 38}}, {"model": "product.productcontentsetting", "pk": 407, "fields": {"pcs_content": 636, "pcs_setting": 3, "pcs_is_visible": true, "pcs_order": 39}}, {"model": "product.productcontentsetting", "pk": 408, "fields": {"pcs_content": 637, "pcs_setting": 3, "pcs_is_visible": true, "pcs_order": 40}}, {"model": "product.productcontentsetting", "pk": 409, "fields": {"pcs_content": 638, "pcs_setting": 3, "pcs_is_visible": true, "pcs_order": 41}}, {"model": "product.productcontentsetting", "pk": 410, "fields": {"pcs_content": 639, "pcs_setting": 3, "pcs_is_visible": true, "pcs_order": 42}}, {"model": "product.productcontentsetting", "pk": 411, "fields": {"pcs_content": 640, "pcs_setting": 3, "pcs_is_visible": true, "pcs_order": 43}}, {"model": "product.productcontentsetting", "pk": 412, "fields": {"pcs_content": 641, "pcs_setting": 3, "pcs_is_visible": true, "pcs_order": 44}}, {"model": "product.productcontentsetting", "pk": 413, "fields": {"pcs_content": 642, "pcs_setting": 3, "pcs_is_visible": true, "pcs_order": 45}}, {"model": "product.productcontentsetting", "pk": 414, "fields": {"pcs_content": 643, "pcs_setting": 3, "pcs_is_visible": true, "pcs_order": 46}}, {"model": "product.productcontentsetting", "pk": 415, "fields": {"pcs_content": 644, "pcs_setting": 3, "pcs_is_visible": true, "pcs_order": 47}}, {"model": "product.productcontentsetting", "pk": 416, "fields": {"pcs_content": 645, "pcs_setting": 3, "pcs_is_visible": true, "pcs_order": 48}}, {"model": "product.productcontentsetting", "pk": 417, "fields": {"pcs_content": 646, "pcs_setting": 3, "pcs_is_visible": true, "pcs_order": 49}}, {"model": "product.productcontentsetting", "pk": 418, "fields": {"pcs_content": 647, "pcs_setting": 3, "pcs_is_visible": true, "pcs_order": 50}}, {"model": "product.productcontentsetting", "pk": 419, "fields": {"pcs_content": 648, "pcs_setting": 3, "pcs_is_visible": true, "pcs_order": 51}}, {"model": "product.productcontentsetting", "pk": 420, "fields": {"pcs_content": 649, "pcs_setting": 3, "pcs_is_visible": true, "pcs_order": 52}}, {"model": "product.productcontentsetting", "pk": 421, "fields": {"pcs_content": 650, "pcs_setting": 3, "pcs_is_visible": true, "pcs_order": 53}}, {"model": "product.productcontentsetting", "pk": 422, "fields": {"pcs_content": 651, "pcs_setting": 3, "pcs_is_visible": true, "pcs_order": 54}}, {"model": "product.productcontentsetting", "pk": 423, "fields": {"pcs_content": 652, "pcs_setting": 3, "pcs_is_visible": true, "pcs_order": 55}}, {"model": "product.productcontentsetting", "pk": 424, "fields": {"pcs_content": 653, "pcs_setting": 3, "pcs_is_visible": true, "pcs_order": 56}}, {"model": "product.productcontentsetting", "pk": 425, "fields": {"pcs_content": 654, "pcs_setting": 3, "pcs_is_visible": true, "pcs_order": 57}}, {"model": "product.productcontentsetting", "pk": 426, "fields": {"pcs_content": 655, "pcs_setting": 3, "pcs_is_visible": true, "pcs_order": 58}}, {"model": "product.productcontentsetting", "pk": 427, "fields": {"pcs_content": 656, "pcs_setting": 3, "pcs_is_visible": true, "pcs_order": 59}}, {"model": "product.productcontentsetting", "pk": 428, "fields": {"pcs_content": 657, "pcs_setting": 3, "pcs_is_visible": true, "pcs_order": 60}}, {"model": "product.productcontentsetting", "pk": 429, "fields": {"pcs_content": 658, "pcs_setting": 3, "pcs_is_visible": true, "pcs_order": 61}}, {"model": "product.productcontentsetting", "pk": 430, "fields": {"pcs_content": 659, "pcs_setting": 3, "pcs_is_visible": true, "pcs_order": 62}}, {"model": "product.productcontentsetting", "pk": 431, "fields": {"pcs_content": 660, "pcs_setting": 3, "pcs_is_visible": true, "pcs_order": 63}}, {"model": "product.productcontentsetting", "pk": 432, "fields": {"pcs_content": 661, "pcs_setting": 3, "pcs_is_visible": true, "pcs_order": 64}}, {"model": "product.productcontentsetting", "pk": 433, "fields": {"pcs_content": 662, "pcs_setting": 3, "pcs_is_visible": true, "pcs_order": 65}}, {"model": "product.productcontentsetting", "pk": 434, "fields": {"pcs_content": 663, "pcs_setting": 3, "pcs_is_visible": true, "pcs_order": 66}}, {"model": "product.productcontentsetting", "pk": 435, "fields": {"pcs_content": 664, "pcs_setting": 3, "pcs_is_visible": true, "pcs_order": 67}}, {"model": "product.productcontentsetting", "pk": 436, "fields": {"pcs_content": 665, "pcs_setting": 3, "pcs_is_visible": true, "pcs_order": 68}}, {"model": "product.productcontentsetting", "pk": 437, "fields": {"pcs_content": 666, "pcs_setting": 3, "pcs_is_visible": true, "pcs_order": 69}}, {"model": "product.productcontentsetting", "pk": 438, "fields": {"pcs_content": 667, "pcs_setting": 3, "pcs_is_visible": true, "pcs_order": 70}}, {"model": "product.productcontentsetting", "pk": 439, "fields": {"pcs_content": 668, "pcs_setting": 3, "pcs_is_visible": true, "pcs_order": 71}}, {"model": "product.productcontentsetting", "pk": 440, "fields": {"pcs_content": 669, "pcs_setting": 3, "pcs_is_visible": true, "pcs_order": 72}}, {"model": "product.productcontentsetting", "pk": 441, "fields": {"pcs_content": 670, "pcs_setting": 3, "pcs_is_visible": true, "pcs_order": 73}}, {"model": "product.productcontentsetting", "pk": 442, "fields": {"pcs_content": 671, "pcs_setting": 3, "pcs_is_visible": true, "pcs_order": 74}}, {"model": "product.productcontentsetting", "pk": 443, "fields": {"pcs_content": 672, "pcs_setting": 3, "pcs_is_visible": true, "pcs_order": 75}}, {"model": "product.productcontentsetting", "pk": 444, "fields": {"pcs_content": 673, "pcs_setting": 3, "pcs_is_visible": true, "pcs_order": 76}}, {"model": "product.productcontentsetting", "pk": 445, "fields": {"pcs_content": 674, "pcs_setting": 3, "pcs_is_visible": true, "pcs_order": 77}}, {"model": "product.productcontentsetting", "pk": 446, "fields": {"pcs_content": 675, "pcs_setting": 3, "pcs_is_visible": true, "pcs_order": 78}}, {"model": "product.productcontentsetting", "pk": 447, "fields": {"pcs_content": 676, "pcs_setting": 3, "pcs_is_visible": true, "pcs_order": 79}}, {"model": "product.productcontentsetting", "pk": 448, "fields": {"pcs_content": 677, "pcs_setting": 3, "pcs_is_visible": true, "pcs_order": 80}}, {"model": "product.productcontentsetting", "pk": 449, "fields": {"pcs_content": 678, "pcs_setting": 3, "pcs_is_visible": true, "pcs_order": 81}}, {"model": "product.productcontentsetting", "pk": 450, "fields": {"pcs_content": 679, "pcs_setting": 3, "pcs_is_visible": true, "pcs_order": 82}}, {"model": "product.productcontentsetting", "pk": 451, "fields": {"pcs_content": 680, "pcs_setting": 3, "pcs_is_visible": true, "pcs_order": 83}}, {"model": "product.productcontentsetting", "pk": 452, "fields": {"pcs_content": 681, "pcs_setting": 3, "pcs_is_visible": true, "pcs_order": 84}}, {"model": "product.productcontentsetting", "pk": 453, "fields": {"pcs_content": 682, "pcs_setting": 3, "pcs_is_visible": true, "pcs_order": 85}}, {"model": "product.productcontentsetting", "pk": 454, "fields": {"pcs_content": 683, "pcs_setting": 3, "pcs_is_visible": true, "pcs_order": 86}}, {"model": "product.productcontentsetting", "pk": 455, "fields": {"pcs_content": 684, "pcs_setting": 3, "pcs_is_visible": true, "pcs_order": 87}}, {"model": "product.productcontentsetting", "pk": 456, "fields": {"pcs_content": 685, "pcs_setting": 3, "pcs_is_visible": true, "pcs_order": 88}}, {"model": "product.productcontentsetting", "pk": 457, "fields": {"pcs_content": 686, "pcs_setting": 3, "pcs_is_visible": true, "pcs_order": 89}}, {"model": "product.productcontentsetting", "pk": 458, "fields": {"pcs_content": 687, "pcs_setting": 3, "pcs_is_visible": true, "pcs_order": 90}}, {"model": "product.productcontentsetting", "pk": 459, "fields": {"pcs_content": 688, "pcs_setting": 3, "pcs_is_visible": true, "pcs_order": 91}}, {"model": "product.productcontentsetting", "pk": 460, "fields": {"pcs_content": 689, "pcs_setting": 3, "pcs_is_visible": true, "pcs_order": 92}}, {"model": "product.productcontentsetting", "pk": 461, "fields": {"pcs_content": 690, "pcs_setting": 3, "pcs_is_visible": true, "pcs_order": 93}}, {"model": "product.productcontentsetting", "pk": 462, "fields": {"pcs_content": 691, "pcs_setting": 3, "pcs_is_visible": true, "pcs_order": 94}}, {"model": "product.productcontentsetting", "pk": 463, "fields": {"pcs_content": 692, "pcs_setting": 3, "pcs_is_visible": true, "pcs_order": 95}}, {"model": "product.productcontentsetting", "pk": 464, "fields": {"pcs_content": 693, "pcs_setting": 3, "pcs_is_visible": true, "pcs_order": 96}}, {"model": "product.productcontentsetting", "pk": 465, "fields": {"pcs_content": 694, "pcs_setting": 3, "pcs_is_visible": true, "pcs_order": 97}}, {"model": "product.productcontentsetting", "pk": 466, "fields": {"pcs_content": 695, "pcs_setting": 3, "pcs_is_visible": true, "pcs_order": 98}}, {"model": "product.productcontentsetting", "pk": 467, "fields": {"pcs_content": 696, "pcs_setting": 3, "pcs_is_visible": true, "pcs_order": 99}}, {"model": "product.productcontentsetting", "pk": 468, "fields": {"pcs_content": 697, "pcs_setting": 3, "pcs_is_visible": true, "pcs_order": 100}}, {"model": "product.productcontentsetting", "pk": 469, "fields": {"pcs_content": 698, "pcs_setting": 3, "pcs_is_visible": true, "pcs_order": 101}}, {"model": "product.productcontentsetting", "pk": 470, "fields": {"pcs_content": 699, "pcs_setting": 3, "pcs_is_visible": true, "pcs_order": 102}}, {"model": "product.productcontentsetting", "pk": 471, "fields": {"pcs_content": 700, "pcs_setting": 3, "pcs_is_visible": true, "pcs_order": 103}}, {"model": "product.productcontentsetting", "pk": 472, "fields": {"pcs_content": 701, "pcs_setting": 3, "pcs_is_visible": true, "pcs_order": 104}}, {"model": "product.productcontentsetting", "pk": 473, "fields": {"pcs_content": 702, "pcs_setting": 3, "pcs_is_visible": true, "pcs_order": 105}}, {"model": "product.productcontentsetting", "pk": 474, "fields": {"pcs_content": 703, "pcs_setting": 3, "pcs_is_visible": true, "pcs_order": 106}}, {"model": "product.productcontentsetting", "pk": 475, "fields": {"pcs_content": 704, "pcs_setting": 3, "pcs_is_visible": true, "pcs_order": 107}}, {"model": "product.productcontentsetting", "pk": 476, "fields": {"pcs_content": 705, "pcs_setting": 3, "pcs_is_visible": true, "pcs_order": 108}}, {"model": "product.productcontentsetting", "pk": 477, "fields": {"pcs_content": 706, "pcs_setting": 3, "pcs_is_visible": true, "pcs_order": 109}}, {"model": "product.productcontentsetting", "pk": 478, "fields": {"pcs_content": 707, "pcs_setting": 3, "pcs_is_visible": true, "pcs_order": 110}}, {"model": "product.productcontentsetting", "pk": 479, "fields": {"pcs_content": 708, "pcs_setting": 3, "pcs_is_visible": true, "pcs_order": 111}}, {"model": "product.productcontentsetting", "pk": 480, "fields": {"pcs_content": 709, "pcs_setting": 3, "pcs_is_visible": true, "pcs_order": 112}}, {"model": "product.productcontentsetting", "pk": 481, "fields": {"pcs_content": 710, "pcs_setting": 3, "pcs_is_visible": true, "pcs_order": 113}}, {"model": "product.productcontentsetting", "pk": 482, "fields": {"pcs_content": 711, "pcs_setting": 3, "pcs_is_visible": true, "pcs_order": 114}}, {"model": "product.productcontentsetting", "pk": 483, "fields": {"pcs_content": 712, "pcs_setting": 3, "pcs_is_visible": true, "pcs_order": 115}}, {"model": "product.productcontentsetting", "pk": 484, "fields": {"pcs_content": 713, "pcs_setting": 3, "pcs_is_visible": true, "pcs_order": 116}}, {"model": "product.productcontentsetting", "pk": 485, "fields": {"pcs_content": 714, "pcs_setting": 3, "pcs_is_visible": true, "pcs_order": 117}}, {"model": "product.productcontentsetting", "pk": 486, "fields": {"pcs_content": 715, "pcs_setting": 3, "pcs_is_visible": true, "pcs_order": 118}}, {"model": "product.productcontentsetting", "pk": 487, "fields": {"pcs_content": 716, "pcs_setting": 3, "pcs_is_visible": true, "pcs_order": 119}}, {"model": "product.productcontentsetting", "pk": 488, "fields": {"pcs_content": 717, "pcs_setting": 3, "pcs_is_visible": true, "pcs_order": 120}}, {"model": "product.productcontentsetting", "pk": 489, "fields": {"pcs_content": 718, "pcs_setting": 3, "pcs_is_visible": true, "pcs_order": 121}}, {"model": "product.productcontentsetting", "pk": 490, "fields": {"pcs_content": 719, "pcs_setting": 3, "pcs_is_visible": true, "pcs_order": 122}}, {"model": "product.productcontentsetting", "pk": 491, "fields": {"pcs_content": 720, "pcs_setting": 3, "pcs_is_visible": true, "pcs_order": 123}}, {"model": "product.productcontentsetting", "pk": 492, "fields": {"pcs_content": 721, "pcs_setting": 3, "pcs_is_visible": true, "pcs_order": 124}}, {"model": "product.productcontentsetting", "pk": 493, "fields": {"pcs_content": 722, "pcs_setting": 3, "pcs_is_visible": true, "pcs_order": 125}}, {"model": "product.productcontentsetting", "pk": 494, "fields": {"pcs_content": 723, "pcs_setting": 3, "pcs_is_visible": true, "pcs_order": 126}}, {"model": "product.productcontentsetting", "pk": 495, "fields": {"pcs_content": 724, "pcs_setting": 3, "pcs_is_visible": true, "pcs_order": 127}}, {"model": "product.productcontentsetting", "pk": 496, "fields": {"pcs_content": 725, "pcs_setting": 3, "pcs_is_visible": true, "pcs_order": 128}}, {"model": "product.productcontentsetting", "pk": 497, "fields": {"pcs_content": 726, "pcs_setting": 3, "pcs_is_visible": true, "pcs_order": 129}}, {"model": "product.productcontentsetting", "pk": 498, "fields": {"pcs_content": 727, "pcs_setting": 3, "pcs_is_visible": true, "pcs_order": 130}}, {"model": "product.productcontentsetting", "pk": 499, "fields": {"pcs_content": 728, "pcs_setting": 3, "pcs_is_visible": true, "pcs_order": 131}}, {"model": "product.productcontentsetting", "pk": 500, "fields": {"pcs_content": 729, "pcs_setting": 3, "pcs_is_visible": true, "pcs_order": 132}}, {"model": "product.productcontentsetting", "pk": 501, "fields": {"pcs_content": 730, "pcs_setting": 3, "pcs_is_visible": true, "pcs_order": 133}}, {"model": "product.productcontentsetting", "pk": 502, "fields": {"pcs_content": 731, "pcs_setting": 3, "pcs_is_visible": true, "pcs_order": 134}}, {"model": "product.productcontentsetting", "pk": 503, "fields": {"pcs_content": 732, "pcs_setting": 3, "pcs_is_visible": true, "pcs_order": 135}}, {"model": "product.productcontentsetting", "pk": 504, "fields": {"pcs_content": 733, "pcs_setting": 3, "pcs_is_visible": true, "pcs_order": 136}}, {"model": "product.productcontentsetting", "pk": 505, "fields": {"pcs_content": 734, "pcs_setting": 3, "pcs_is_visible": true, "pcs_order": 137}}, {"model": "product.productcontentsetting", "pk": 506, "fields": {"pcs_content": 735, "pcs_setting": 3, "pcs_is_visible": true, "pcs_order": 138}}, {"model": "product.productcontentsetting", "pk": 507, "fields": {"pcs_content": 736, "pcs_setting": 3, "pcs_is_visible": true, "pcs_order": 139}}, {"model": "product.productcontentsetting", "pk": 508, "fields": {"pcs_content": 737, "pcs_setting": 3, "pcs_is_visible": true, "pcs_order": 140}}, {"model": "product.productcontentsetting", "pk": 509, "fields": {"pcs_content": 738, "pcs_setting": 3, "pcs_is_visible": true, "pcs_order": 141}}, {"model": "product.productcontentsetting", "pk": 510, "fields": {"pcs_content": 739, "pcs_setting": 3, "pcs_is_visible": true, "pcs_order": 142}}, {"model": "product.productcontentsetting", "pk": 511, "fields": {"pcs_content": 740, "pcs_setting": 3, "pcs_is_visible": true, "pcs_order": 143}}, {"model": "product.productcontentsetting", "pk": 512, "fields": {"pcs_content": 741, "pcs_setting": 3, "pcs_is_visible": true, "pcs_order": 144}}, {"model": "product.productcontentsetting", "pk": 513, "fields": {"pcs_content": 742, "pcs_setting": 3, "pcs_is_visible": true, "pcs_order": 145}}, {"model": "product.productcontentsetting", "pk": 514, "fields": {"pcs_content": 743, "pcs_setting": 3, "pcs_is_visible": true, "pcs_order": 146}}, {"model": "product.productcontentsetting", "pk": 515, "fields": {"pcs_content": 744, "pcs_setting": 3, "pcs_is_visible": true, "pcs_order": 147}}, {"model": "product.productcontentsetting", "pk": 516, "fields": {"pcs_content": 745, "pcs_setting": 3, "pcs_is_visible": true, "pcs_order": 148}}, {"model": "product.productcontentsetting", "pk": 517, "fields": {"pcs_content": 746, "pcs_setting": 3, "pcs_is_visible": true, "pcs_order": 149}}, {"model": "product.productcontentsetting", "pk": 518, "fields": {"pcs_content": 747, "pcs_setting": 3, "pcs_is_visible": true, "pcs_order": 150}}, {"model": "product.productcontentsetting", "pk": 519, "fields": {"pcs_content": 748, "pcs_setting": 3, "pcs_is_visible": true, "pcs_order": 151}}, {"model": "product.productcontentsetting", "pk": 580, "fields": {"pcs_content": 809, "pcs_setting": 5, "pcs_is_visible": true, "pcs_order": 0}}, {"model": "product.productcontentsetting", "pk": 581, "fields": {"pcs_content": 810, "pcs_setting": 5, "pcs_is_visible": true, "pcs_order": 1}}, {"model": "product.productcontentsetting", "pk": 582, "fields": {"pcs_content": 811, "pcs_setting": 5, "pcs_is_visible": true, "pcs_order": 2}}, {"model": "product.productcontentsetting", "pk": 583, "fields": {"pcs_content": 812, "pcs_setting": 5, "pcs_is_visible": true, "pcs_order": 3}}, {"model": "product.productcontentsetting", "pk": 584, "fields": {"pcs_content": 813, "pcs_setting": 5, "pcs_is_visible": true, "pcs_order": 4}}, {"model": "product.productcontentsetting", "pk": 585, "fields": {"pcs_content": 814, "pcs_setting": 5, "pcs_is_visible": true, "pcs_order": 5}}, {"model": "product.productcontentsetting", "pk": 586, "fields": {"pcs_content": 815, "pcs_setting": 5, "pcs_is_visible": true, "pcs_order": 6}}, {"model": "product.productcontentsetting", "pk": 587, "fields": {"pcs_content": 816, "pcs_setting": 5, "pcs_is_visible": true, "pcs_order": 7}}, {"model": "product.productcontentsetting", "pk": 588, "fields": {"pcs_content": 817, "pcs_setting": 5, "pcs_is_visible": true, "pcs_order": 8}}, {"model": "product.productcontentsetting", "pk": 589, "fields": {"pcs_content": 818, "pcs_setting": 5, "pcs_is_visible": true, "pcs_order": 9}}, {"model": "product.productcontentsetting", "pk": 590, "fields": {"pcs_content": 819, "pcs_setting": 5, "pcs_is_visible": true, "pcs_order": 10}}, {"model": "product.productcontentsetting", "pk": 591, "fields": {"pcs_content": 820, "pcs_setting": 5, "pcs_is_visible": true, "pcs_order": 11}}, {"model": "product.productcontentsetting", "pk": 592, "fields": {"pcs_content": 821, "pcs_setting": 5, "pcs_is_visible": true, "pcs_order": 12}}, {"model": "product.productcontentsetting", "pk": 593, "fields": {"pcs_content": 822, "pcs_setting": 5, "pcs_is_visible": true, "pcs_order": 13}}, {"model": "product.productcontentsetting", "pk": 594, "fields": {"pcs_content": 823, "pcs_setting": 5, "pcs_is_visible": true, "pcs_order": 14}}, {"model": "product.productcontentsetting", "pk": 595, "fields": {"pcs_content": 824, "pcs_setting": 5, "pcs_is_visible": true, "pcs_order": 15}}, {"model": "product.productcontentsetting", "pk": 596, "fields": {"pcs_content": 825, "pcs_setting": 5, "pcs_is_visible": true, "pcs_order": 16}}, {"model": "product.productcontentsetting", "pk": 597, "fields": {"pcs_content": 826, "pcs_setting": 5, "pcs_is_visible": true, "pcs_order": 17}}, {"model": "product.productcontentsetting", "pk": 598, "fields": {"pcs_content": 827, "pcs_setting": 5, "pcs_is_visible": true, "pcs_order": 18}}, {"model": "product.productcontentsetting", "pk": 599, "fields": {"pcs_content": 828, "pcs_setting": 5, "pcs_is_visible": true, "pcs_order": 19}}, {"model": "product.productcontentsetting", "pk": 600, "fields": {"pcs_content": 829, "pcs_setting": 5, "pcs_is_visible": true, "pcs_order": 20}}, {"model": "product.productcontentsetting", "pk": 601, "fields": {"pcs_content": 830, "pcs_setting": 5, "pcs_is_visible": true, "pcs_order": 21}}, {"model": "product.productcontentsetting", "pk": 602, "fields": {"pcs_content": 831, "pcs_setting": 5, "pcs_is_visible": true, "pcs_order": 22}}, {"model": "product.productcontentsetting", "pk": 603, "fields": {"pcs_content": 832, "pcs_setting": 5, "pcs_is_visible": true, "pcs_order": 23}}, {"model": "product.productcontentsetting", "pk": 604, "fields": {"pcs_content": 833, "pcs_setting": 5, "pcs_is_visible": true, "pcs_order": 24}}, {"model": "product.productcontentsetting", "pk": 605, "fields": {"pcs_content": 834, "pcs_setting": 5, "pcs_is_visible": true, "pcs_order": 25}}, {"model": "product.productcontentsetting", "pk": 606, "fields": {"pcs_content": 835, "pcs_setting": 5, "pcs_is_visible": true, "pcs_order": 26}}, {"model": "product.productcontentsetting", "pk": 607, "fields": {"pcs_content": 836, "pcs_setting": 5, "pcs_is_visible": true, "pcs_order": 27}}, {"model": "product.productcontentsetting", "pk": 608, "fields": {"pcs_content": 837, "pcs_setting": 5, "pcs_is_visible": true, "pcs_order": 28}}, {"model": "product.productcontentsetting", "pk": 609, "fields": {"pcs_content": 838, "pcs_setting": 5, "pcs_is_visible": true, "pcs_order": 29}}, {"model": "product.productcontentsetting", "pk": 610, "fields": {"pcs_content": 839, "pcs_setting": 5, "pcs_is_visible": true, "pcs_order": 30}}, {"model": "product.productcontentsetting", "pk": 611, "fields": {"pcs_content": 840, "pcs_setting": 5, "pcs_is_visible": true, "pcs_order": 31}}, {"model": "product.productcontentsetting", "pk": 612, "fields": {"pcs_content": 841, "pcs_setting": 5, "pcs_is_visible": true, "pcs_order": 32}}, {"model": "product.productcontentsetting", "pk": 613, "fields": {"pcs_content": 842, "pcs_setting": 5, "pcs_is_visible": true, "pcs_order": 33}}, {"model": "product.productcontentsetting", "pk": 614, "fields": {"pcs_content": 843, "pcs_setting": 5, "pcs_is_visible": true, "pcs_order": 34}}, {"model": "product.productcontentsetting", "pk": 615, "fields": {"pcs_content": 844, "pcs_setting": 5, "pcs_is_visible": true, "pcs_order": 35}}, {"model": "product.productcontentsetting", "pk": 616, "fields": {"pcs_content": 845, "pcs_setting": 5, "pcs_is_visible": true, "pcs_order": 36}}, {"model": "product.productcontentsetting", "pk": 617, "fields": {"pcs_content": 846, "pcs_setting": 5, "pcs_is_visible": true, "pcs_order": 37}}, {"model": "product.productcontentsetting", "pk": 618, "fields": {"pcs_content": 847, "pcs_setting": 5, "pcs_is_visible": true, "pcs_order": 38}}, {"model": "product.productcontentsetting", "pk": 619, "fields": {"pcs_content": 848, "pcs_setting": 5, "pcs_is_visible": true, "pcs_order": 39}}, {"model": "product.productcontentsetting", "pk": 620, "fields": {"pcs_content": 849, "pcs_setting": 5, "pcs_is_visible": true, "pcs_order": 40}}, {"model": "product.productcontentsetting", "pk": 621, "fields": {"pcs_content": 850, "pcs_setting": 5, "pcs_is_visible": true, "pcs_order": 41}}, {"model": "product.productcontentsetting", "pk": 622, "fields": {"pcs_content": 851, "pcs_setting": 5, "pcs_is_visible": true, "pcs_order": 42}}, {"model": "product.productcontentsetting", "pk": 623, "fields": {"pcs_content": 852, "pcs_setting": 5, "pcs_is_visible": true, "pcs_order": 43}}, {"model": "product.productcontentsetting", "pk": 624, "fields": {"pcs_content": 853, "pcs_setting": 5, "pcs_is_visible": true, "pcs_order": 44}}, {"model": "product.productcontentsetting", "pk": 625, "fields": {"pcs_content": 854, "pcs_setting": 5, "pcs_is_visible": true, "pcs_order": 45}}, {"model": "product.productcontentsetting", "pk": 626, "fields": {"pcs_content": 855, "pcs_setting": 5, "pcs_is_visible": true, "pcs_order": 46}}, {"model": "product.productcontentsetting", "pk": 627, "fields": {"pcs_content": 856, "pcs_setting": 5, "pcs_is_visible": true, "pcs_order": 47}}, {"model": "product.productcontentsetting", "pk": 628, "fields": {"pcs_content": 857, "pcs_setting": 5, "pcs_is_visible": true, "pcs_order": 48}}, {"model": "product.productcontentsetting", "pk": 629, "fields": {"pcs_content": 858, "pcs_setting": 5, "pcs_is_visible": true, "pcs_order": 49}}, {"model": "product.productcontentsetting", "pk": 630, "fields": {"pcs_content": 859, "pcs_setting": 5, "pcs_is_visible": true, "pcs_order": 50}}, {"model": "product.productcontentsetting", "pk": 631, "fields": {"pcs_content": 860, "pcs_setting": 5, "pcs_is_visible": true, "pcs_order": 51}}, {"model": "product.productcontentsetting", "pk": 632, "fields": {"pcs_content": 861, "pcs_setting": 5, "pcs_is_visible": true, "pcs_order": 52}}, {"model": "product.productcontentsetting", "pk": 633, "fields": {"pcs_content": 862, "pcs_setting": 5, "pcs_is_visible": true, "pcs_order": 53}}, {"model": "product.productcontentsetting", "pk": 634, "fields": {"pcs_content": 863, "pcs_setting": 5, "pcs_is_visible": true, "pcs_order": 54}}, {"model": "product.productcontentsetting", "pk": 635, "fields": {"pcs_content": 864, "pcs_setting": 5, "pcs_is_visible": true, "pcs_order": 55}}, {"model": "product.productcontentsetting", "pk": 636, "fields": {"pcs_content": 865, "pcs_setting": 5, "pcs_is_visible": true, "pcs_order": 56}}, {"model": "product.productcontentsetting", "pk": 637, "fields": {"pcs_content": 866, "pcs_setting": 5, "pcs_is_visible": true, "pcs_order": 57}}, {"model": "product.productcontentsetting", "pk": 638, "fields": {"pcs_content": 867, "pcs_setting": 5, "pcs_is_visible": true, "pcs_order": 58}}, {"model": "product.productcontentsetting", "pk": 639, "fields": {"pcs_content": 868, "pcs_setting": 5, "pcs_is_visible": true, "pcs_order": 59}}, {"model": "product.productcontentsetting", "pk": 855, "fields": {"pcs_content": 1084, "pcs_setting": 7, "pcs_is_visible": true, "pcs_order": 0}}, {"model": "product.productcontentsetting", "pk": 856, "fields": {"pcs_content": 1085, "pcs_setting": 7, "pcs_is_visible": true, "pcs_order": 1}}, {"model": "product.productcontentsetting", "pk": 857, "fields": {"pcs_content": 1086, "pcs_setting": 7, "pcs_is_visible": true, "pcs_order": 2}}, {"model": "product.productcontentsetting", "pk": 858, "fields": {"pcs_content": 1087, "pcs_setting": 7, "pcs_is_visible": true, "pcs_order": 3}}, {"model": "product.productcontentsetting", "pk": 859, "fields": {"pcs_content": 1088, "pcs_setting": 7, "pcs_is_visible": true, "pcs_order": 4}}, {"model": "product.productcontentsetting", "pk": 860, "fields": {"pcs_content": 1089, "pcs_setting": 7, "pcs_is_visible": true, "pcs_order": 5}}, {"model": "product.productcontentsetting", "pk": 861, "fields": {"pcs_content": 1090, "pcs_setting": 7, "pcs_is_visible": true, "pcs_order": 6}}, {"model": "product.productcontentsetting", "pk": 862, "fields": {"pcs_content": 1091, "pcs_setting": 7, "pcs_is_visible": true, "pcs_order": 7}}, {"model": "product.productcontentsetting", "pk": 863, "fields": {"pcs_content": 1092, "pcs_setting": 7, "pcs_is_visible": true, "pcs_order": 8}}, {"model": "product.productcontentsetting", "pk": 864, "fields": {"pcs_content": 1093, "pcs_setting": 7, "pcs_is_visible": true, "pcs_order": 9}}, {"model": "product.productcontentsetting", "pk": 865, "fields": {"pcs_content": 1094, "pcs_setting": 7, "pcs_is_visible": true, "pcs_order": 10}}, {"model": "product.productcontentsetting", "pk": 866, "fields": {"pcs_content": 1095, "pcs_setting": 7, "pcs_is_visible": true, "pcs_order": 11}}, {"model": "product.productcontentsetting", "pk": 867, "fields": {"pcs_content": 1096, "pcs_setting": 7, "pcs_is_visible": true, "pcs_order": 12}}, {"model": "product.productcontentsetting", "pk": 868, "fields": {"pcs_content": 1097, "pcs_setting": 7, "pcs_is_visible": true, "pcs_order": 13}}, {"model": "product.productcontentsetting", "pk": 869, "fields": {"pcs_content": 1098, "pcs_setting": 7, "pcs_is_visible": true, "pcs_order": 14}}, {"model": "product.productcontentsetting", "pk": 870, "fields": {"pcs_content": 1099, "pcs_setting": 7, "pcs_is_visible": true, "pcs_order": 15}}, {"model": "product.productcontentsetting", "pk": 871, "fields": {"pcs_content": 1100, "pcs_setting": 7, "pcs_is_visible": true, "pcs_order": 16}}, {"model": "product.productcontentsetting", "pk": 872, "fields": {"pcs_content": 1101, "pcs_setting": 7, "pcs_is_visible": true, "pcs_order": 17}}, {"model": "product.productcontentsetting", "pk": 873, "fields": {"pcs_content": 1102, "pcs_setting": 7, "pcs_is_visible": true, "pcs_order": 18}}, {"model": "product.productcontentsetting", "pk": 874, "fields": {"pcs_content": 1103, "pcs_setting": 7, "pcs_is_visible": true, "pcs_order": 19}}, {"model": "product.productcontentsetting", "pk": 875, "fields": {"pcs_content": 1104, "pcs_setting": 7, "pcs_is_visible": true, "pcs_order": 20}}, {"model": "product.productcontentsetting", "pk": 876, "fields": {"pcs_content": 1105, "pcs_setting": 7, "pcs_is_visible": true, "pcs_order": 21}}, {"model": "product.productcontentsetting", "pk": 877, "fields": {"pcs_content": 1106, "pcs_setting": 7, "pcs_is_visible": true, "pcs_order": 22}}, {"model": "product.productcontentsetting", "pk": 878, "fields": {"pcs_content": 1107, "pcs_setting": 7, "pcs_is_visible": true, "pcs_order": 23}}, {"model": "product.productcontentsetting", "pk": 879, "fields": {"pcs_content": 1108, "pcs_setting": 7, "pcs_is_visible": true, "pcs_order": 24}}, {"model": "product.productcontentsetting", "pk": 880, "fields": {"pcs_content": 1109, "pcs_setting": 7, "pcs_is_visible": true, "pcs_order": 25}}, {"model": "product.productcontentsetting", "pk": 881, "fields": {"pcs_content": 1110, "pcs_setting": 7, "pcs_is_visible": true, "pcs_order": 26}}, {"model": "product.productcontentsetting", "pk": 882, "fields": {"pcs_content": 1111, "pcs_setting": 7, "pcs_is_visible": true, "pcs_order": 27}}, {"model": "product.productcontentsetting", "pk": 883, "fields": {"pcs_content": 1112, "pcs_setting": 7, "pcs_is_visible": true, "pcs_order": 28}}, {"model": "product.productcontentsetting", "pk": 884, "fields": {"pcs_content": 1113, "pcs_setting": 7, "pcs_is_visible": true, "pcs_order": 29}}, {"model": "product.productcontentsetting", "pk": 885, "fields": {"pcs_content": 1114, "pcs_setting": 7, "pcs_is_visible": true, "pcs_order": 30}}, {"model": "product.productcontentsetting", "pk": 886, "fields": {"pcs_content": 1115, "pcs_setting": 7, "pcs_is_visible": true, "pcs_order": 31}}, {"model": "product.productcontentsetting", "pk": 887, "fields": {"pcs_content": 1116, "pcs_setting": 7, "pcs_is_visible": true, "pcs_order": 32}}, {"model": "product.productcontentsetting", "pk": 888, "fields": {"pcs_content": 1117, "pcs_setting": 7, "pcs_is_visible": true, "pcs_order": 33}}, {"model": "product.productcontentsetting", "pk": 889, "fields": {"pcs_content": 1118, "pcs_setting": 7, "pcs_is_visible": true, "pcs_order": 34}}, {"model": "product.productcontentsetting", "pk": 890, "fields": {"pcs_content": 1119, "pcs_setting": 7, "pcs_is_visible": true, "pcs_order": 35}}, {"model": "product.productcontentsetting", "pk": 891, "fields": {"pcs_content": 1120, "pcs_setting": 7, "pcs_is_visible": true, "pcs_order": 36}}, {"model": "product.productcontentsetting", "pk": 892, "fields": {"pcs_content": 1121, "pcs_setting": 7, "pcs_is_visible": true, "pcs_order": 37}}, {"model": "product.productcontentsetting", "pk": 893, "fields": {"pcs_content": 1122, "pcs_setting": 7, "pcs_is_visible": true, "pcs_order": 38}}, {"model": "product.productcontentsetting", "pk": 894, "fields": {"pcs_content": 1123, "pcs_setting": 7, "pcs_is_visible": true, "pcs_order": 39}}, {"model": "product.productcontentsetting", "pk": 895, "fields": {"pcs_content": 1124, "pcs_setting": 7, "pcs_is_visible": true, "pcs_order": 40}}, {"model": "product.productcontentsetting", "pk": 896, "fields": {"pcs_content": 1125, "pcs_setting": 7, "pcs_is_visible": true, "pcs_order": 41}}, {"model": "product.productcontentsetting", "pk": 897, "fields": {"pcs_content": 1126, "pcs_setting": 7, "pcs_is_visible": true, "pcs_order": 42}}, {"model": "product.productcontentsetting", "pk": 898, "fields": {"pcs_content": 1127, "pcs_setting": 7, "pcs_is_visible": true, "pcs_order": 43}}, {"model": "product.productcontentsetting", "pk": 899, "fields": {"pcs_content": 1128, "pcs_setting": 7, "pcs_is_visible": true, "pcs_order": 44}}, {"model": "product.productcontentsetting", "pk": 900, "fields": {"pcs_content": 1129, "pcs_setting": 7, "pcs_is_visible": true, "pcs_order": 45}}, {"model": "product.productcontentsetting", "pk": 901, "fields": {"pcs_content": 1130, "pcs_setting": 7, "pcs_is_visible": true, "pcs_order": 46}}, {"model": "product.productcontentsetting", "pk": 902, "fields": {"pcs_content": 1131, "pcs_setting": 7, "pcs_is_visible": true, "pcs_order": 47}}, {"model": "product.productcontentsetting", "pk": 903, "fields": {"pcs_content": 1132, "pcs_setting": 7, "pcs_is_visible": true, "pcs_order": 48}}, {"model": "product.productcontentsetting", "pk": 904, "fields": {"pcs_content": 1133, "pcs_setting": 7, "pcs_is_visible": true, "pcs_order": 49}}, {"model": "product.productcontentsetting", "pk": 905, "fields": {"pcs_content": 1134, "pcs_setting": 7, "pcs_is_visible": true, "pcs_order": 50}}, {"model": "product.productcontentsetting", "pk": 906, "fields": {"pcs_content": 1135, "pcs_setting": 7, "pcs_is_visible": true, "pcs_order": 51}}, {"model": "product.productcontentsetting", "pk": 907, "fields": {"pcs_content": 1136, "pcs_setting": 7, "pcs_is_visible": true, "pcs_order": 52}}, {"model": "product.productcontentsetting", "pk": 908, "fields": {"pcs_content": 1137, "pcs_setting": 7, "pcs_is_visible": true, "pcs_order": 53}}, {"model": "product.productcontentsetting", "pk": 909, "fields": {"pcs_content": 1138, "pcs_setting": 7, "pcs_is_visible": true, "pcs_order": 54}}, {"model": "product.productcontentsetting", "pk": 910, "fields": {"pcs_content": 1139, "pcs_setting": 7, "pcs_is_visible": true, "pcs_order": 55}}, {"model": "product.productcontentsetting", "pk": 911, "fields": {"pcs_content": 1140, "pcs_setting": 7, "pcs_is_visible": true, "pcs_order": 56}}, {"model": "product.productcontentsetting", "pk": 912, "fields": {"pcs_content": 1141, "pcs_setting": 7, "pcs_is_visible": true, "pcs_order": 57}}, {"model": "product.productcontentsetting", "pk": 913, "fields": {"pcs_content": 1142, "pcs_setting": 7, "pcs_is_visible": true, "pcs_order": 58}}, {"model": "product.productcontentsetting", "pk": 914, "fields": {"pcs_content": 1143, "pcs_setting": 7, "pcs_is_visible": true, "pcs_order": 59}}, {"model": "product.productcontentsetting", "pk": 915, "fields": {"pcs_content": 1144, "pcs_setting": 7, "pcs_is_visible": true, "pcs_order": 60}}, {"model": "product.productcontentsetting", "pk": 916, "fields": {"pcs_content": 1145, "pcs_setting": 7, "pcs_is_visible": true, "pcs_order": 61}}, {"model": "product.productcontentsetting", "pk": 917, "fields": {"pcs_content": 1146, "pcs_setting": 7, "pcs_is_visible": true, "pcs_order": 62}}, {"model": "product.productcontentsetting", "pk": 918, "fields": {"pcs_content": 1147, "pcs_setting": 7, "pcs_is_visible": true, "pcs_order": 63}}, {"model": "product.productcontentsetting", "pk": 919, "fields": {"pcs_content": 1148, "pcs_setting": 7, "pcs_is_visible": true, "pcs_order": 64}}, {"model": "product.productcontentsetting", "pk": 920, "fields": {"pcs_content": 1149, "pcs_setting": 7, "pcs_is_visible": true, "pcs_order": 65}}, {"model": "product.productcontentsetting", "pk": 921, "fields": {"pcs_content": 1150, "pcs_setting": 7, "pcs_is_visible": true, "pcs_order": 66}}, {"model": "product.productcontentsetting", "pk": 922, "fields": {"pcs_content": 1151, "pcs_setting": 7, "pcs_is_visible": true, "pcs_order": 67}}, {"model": "product.productcontentsetting", "pk": 923, "fields": {"pcs_content": 1152, "pcs_setting": 7, "pcs_is_visible": true, "pcs_order": 68}}, {"model": "product.productcontentsetting", "pk": 924, "fields": {"pcs_content": 1153, "pcs_setting": 7, "pcs_is_visible": true, "pcs_order": 69}}, {"model": "product.productcontentsetting", "pk": 925, "fields": {"pcs_content": 1154, "pcs_setting": 7, "pcs_is_visible": true, "pcs_order": 70}}, {"model": "product.productcontentsetting", "pk": 926, "fields": {"pcs_content": 1155, "pcs_setting": 7, "pcs_is_visible": true, "pcs_order": 71}}, {"model": "product.productcontentsetting", "pk": 927, "fields": {"pcs_content": 1156, "pcs_setting": 7, "pcs_is_visible": true, "pcs_order": 72}}, {"model": "product.productcontentsetting", "pk": 928, "fields": {"pcs_content": 1157, "pcs_setting": 7, "pcs_is_visible": true, "pcs_order": 73}}, {"model": "product.productcontentsetting", "pk": 929, "fields": {"pcs_content": 1158, "pcs_setting": 7, "pcs_is_visible": true, "pcs_order": 74}}, {"model": "product.productcontentsetting", "pk": 930, "fields": {"pcs_content": 1159, "pcs_setting": 7, "pcs_is_visible": true, "pcs_order": 75}}, {"model": "product.productcontentsetting", "pk": 931, "fields": {"pcs_content": 1160, "pcs_setting": 7, "pcs_is_visible": true, "pcs_order": 76}}, {"model": "product.productcontentsetting", "pk": 932, "fields": {"pcs_content": 1161, "pcs_setting": 7, "pcs_is_visible": true, "pcs_order": 77}}, {"model": "product.productcontentsetting", "pk": 933, "fields": {"pcs_content": 1162, "pcs_setting": 7, "pcs_is_visible": true, "pcs_order": 78}}, {"model": "product.productcontentsetting", "pk": 934, "fields": {"pcs_content": 1163, "pcs_setting": 7, "pcs_is_visible": true, "pcs_order": 79}}, {"model": "product.productcontentsetting", "pk": 935, "fields": {"pcs_content": 1164, "pcs_setting": 7, "pcs_is_visible": true, "pcs_order": 80}}, {"model": "product.productcontentsetting", "pk": 936, "fields": {"pcs_content": 1165, "pcs_setting": 7, "pcs_is_visible": true, "pcs_order": 81}}, {"model": "product.productcontentsetting", "pk": 937, "fields": {"pcs_content": 1166, "pcs_setting": 7, "pcs_is_visible": true, "pcs_order": 82}}, {"model": "product.productcontentsetting", "pk": 938, "fields": {"pcs_content": 1167, "pcs_setting": 7, "pcs_is_visible": true, "pcs_order": 83}}, {"model": "product.productcontentsetting", "pk": 939, "fields": {"pcs_content": 1168, "pcs_setting": 7, "pcs_is_visible": true, "pcs_order": 84}}, {"model": "product.productcontentsetting", "pk": 940, "fields": {"pcs_content": 1169, "pcs_setting": 7, "pcs_is_visible": true, "pcs_order": 85}}, {"model": "product.productcontentsetting", "pk": 941, "fields": {"pcs_content": 1170, "pcs_setting": 7, "pcs_is_visible": true, "pcs_order": 86}}, {"model": "product.productcontentsetting", "pk": 942, "fields": {"pcs_content": 1171, "pcs_setting": 7, "pcs_is_visible": true, "pcs_order": 87}}, {"model": "product.productcontentsetting", "pk": 943, "fields": {"pcs_content": 1172, "pcs_setting": 7, "pcs_is_visible": true, "pcs_order": 88}}, {"model": "product.productcontentsetting", "pk": 944, "fields": {"pcs_content": 1173, "pcs_setting": 7, "pcs_is_visible": true, "pcs_order": 89}}, {"model": "product.productcontentsetting", "pk": 945, "fields": {"pcs_content": 1174, "pcs_setting": 7, "pcs_is_visible": true, "pcs_order": 90}}, {"model": "product.productcontentsetting", "pk": 946, "fields": {"pcs_content": 1175, "pcs_setting": 7, "pcs_is_visible": true, "pcs_order": 91}}, {"model": "product.productcontentsetting", "pk": 947, "fields": {"pcs_content": 1176, "pcs_setting": 7, "pcs_is_visible": true, "pcs_order": 92}}, {"model": "product.productcontentsetting", "pk": 948, "fields": {"pcs_content": 1177, "pcs_setting": 7, "pcs_is_visible": true, "pcs_order": 93}}, {"model": "product.productcontentsetting", "pk": 949, "fields": {"pcs_content": 1178, "pcs_setting": 7, "pcs_is_visible": true, "pcs_order": 94}}, {"model": "product.productcontentsetting", "pk": 950, "fields": {"pcs_content": 1179, "pcs_setting": 7, "pcs_is_visible": true, "pcs_order": 95}}, {"model": "product.productcontentsetting", "pk": 951, "fields": {"pcs_content": 1180, "pcs_setting": 7, "pcs_is_visible": true, "pcs_order": 96}}, {"model": "product.productcontentsetting", "pk": 952, "fields": {"pcs_content": 1181, "pcs_setting": 7, "pcs_is_visible": true, "pcs_order": 97}}, {"model": "product.productcontentsetting", "pk": 953, "fields": {"pcs_content": 1182, "pcs_setting": 7, "pcs_is_visible": true, "pcs_order": 98}}, {"model": "product.productcontentsetting", "pk": 954, "fields": {"pcs_content": 1183, "pcs_setting": 7, "pcs_is_visible": true, "pcs_order": 99}}, {"model": "product.productcontentsetting", "pk": 955, "fields": {"pcs_content": 1184, "pcs_setting": 7, "pcs_is_visible": true, "pcs_order": 100}}, {"model": "product.productcontentsetting", "pk": 956, "fields": {"pcs_content": 1185, "pcs_setting": 7, "pcs_is_visible": true, "pcs_order": 101}}, {"model": "product.productcontentsetting", "pk": 957, "fields": {"pcs_content": 1186, "pcs_setting": 7, "pcs_is_visible": true, "pcs_order": 102}}, {"model": "product.productcontentsetting", "pk": 958, "fields": {"pcs_content": 1187, "pcs_setting": 7, "pcs_is_visible": true, "pcs_order": 103}}, {"model": "product.productcontentsetting", "pk": 959, "fields": {"pcs_content": 1188, "pcs_setting": 7, "pcs_is_visible": true, "pcs_order": 104}}, {"model": "product.productcontentsetting", "pk": 960, "fields": {"pcs_content": 1189, "pcs_setting": 7, "pcs_is_visible": true, "pcs_order": 105}}, {"model": "product.productcontentsetting", "pk": 961, "fields": {"pcs_content": 1190, "pcs_setting": 7, "pcs_is_visible": true, "pcs_order": 106}}, {"model": "product.productcontentsetting", "pk": 962, "fields": {"pcs_content": 1191, "pcs_setting": 7, "pcs_is_visible": true, "pcs_order": 107}}, {"model": "product.productcontentsetting", "pk": 963, "fields": {"pcs_content": 1192, "pcs_setting": 7, "pcs_is_visible": true, "pcs_order": 108}}, {"model": "product.productcontentsetting", "pk": 964, "fields": {"pcs_content": 1193, "pcs_setting": 7, "pcs_is_visible": true, "pcs_order": 109}}, {"model": "product.productcontentsetting", "pk": 965, "fields": {"pcs_content": 1194, "pcs_setting": 7, "pcs_is_visible": true, "pcs_order": 110}}, {"model": "product.productcontentsetting", "pk": 966, "fields": {"pcs_content": 1195, "pcs_setting": 7, "pcs_is_visible": true, "pcs_order": 111}}, {"model": "product.productcontentsetting", "pk": 967, "fields": {"pcs_content": 1196, "pcs_setting": 7, "pcs_is_visible": true, "pcs_order": 112}}, {"model": "product.productcontentsetting", "pk": 968, "fields": {"pcs_content": 1197, "pcs_setting": 7, "pcs_is_visible": true, "pcs_order": 113}}, {"model": "product.productcontentsetting", "pk": 969, "fields": {"pcs_content": 1198, "pcs_setting": 7, "pcs_is_visible": true, "pcs_order": 114}}, {"model": "product.productcontentsetting", "pk": 970, "fields": {"pcs_content": 1199, "pcs_setting": 7, "pcs_is_visible": true, "pcs_order": 115}}, {"model": "product.productcontentsetting", "pk": 971, "fields": {"pcs_content": 1200, "pcs_setting": 7, "pcs_is_visible": true, "pcs_order": 116}}, {"model": "product.productcontentsetting", "pk": 972, "fields": {"pcs_content": 1201, "pcs_setting": 7, "pcs_is_visible": true, "pcs_order": 117}}, {"model": "product.productcontentsetting", "pk": 973, "fields": {"pcs_content": 1202, "pcs_setting": 7, "pcs_is_visible": true, "pcs_order": 118}}, {"model": "product.productcontentsetting", "pk": 974, "fields": {"pcs_content": 1203, "pcs_setting": 7, "pcs_is_visible": true, "pcs_order": 119}}, {"model": "product.productcontentsetting", "pk": 975, "fields": {"pcs_content": 1204, "pcs_setting": 7, "pcs_is_visible": true, "pcs_order": 120}}, {"model": "product.productcontentsetting", "pk": 976, "fields": {"pcs_content": 1205, "pcs_setting": 7, "pcs_is_visible": true, "pcs_order": 121}}, {"model": "product.productcontentsetting", "pk": 977, "fields": {"pcs_content": 1206, "pcs_setting": 7, "pcs_is_visible": true, "pcs_order": 122}}, {"model": "product.productcontentsetting", "pk": 978, "fields": {"pcs_content": 1207, "pcs_setting": 7, "pcs_is_visible": true, "pcs_order": 123}}, {"model": "product.productcontentsetting", "pk": 979, "fields": {"pcs_content": 1208, "pcs_setting": 7, "pcs_is_visible": true, "pcs_order": 124}}, {"model": "product.productcontentsetting", "pk": 980, "fields": {"pcs_content": 1209, "pcs_setting": 7, "pcs_is_visible": true, "pcs_order": 125}}, {"model": "product.productcontentsetting", "pk": 981, "fields": {"pcs_content": 1210, "pcs_setting": 7, "pcs_is_visible": true, "pcs_order": 126}}, {"model": "product.productcontentsetting", "pk": 982, "fields": {"pcs_content": 1211, "pcs_setting": 7, "pcs_is_visible": true, "pcs_order": 127}}, {"model": "product.productcontentsetting", "pk": 983, "fields": {"pcs_content": 1212, "pcs_setting": 7, "pcs_is_visible": true, "pcs_order": 128}}, {"model": "product.productcontentsetting", "pk": 984, "fields": {"pcs_content": 1213, "pcs_setting": 7, "pcs_is_visible": true, "pcs_order": 129}}, {"model": "product.productcontentsetting", "pk": 985, "fields": {"pcs_content": 1214, "pcs_setting": 7, "pcs_is_visible": true, "pcs_order": 130}}, {"model": "product.productcontentsetting", "pk": 986, "fields": {"pcs_content": 1215, "pcs_setting": 7, "pcs_is_visible": true, "pcs_order": 131}}, {"model": "product.productcontentsetting", "pk": 987, "fields": {"pcs_content": 1216, "pcs_setting": 7, "pcs_is_visible": true, "pcs_order": 132}}, {"model": "product.productcontentsetting", "pk": 988, "fields": {"pcs_content": 1217, "pcs_setting": 7, "pcs_is_visible": true, "pcs_order": 133}}, {"model": "product.productcontentsetting", "pk": 989, "fields": {"pcs_content": 1218, "pcs_setting": 7, "pcs_is_visible": true, "pcs_order": 134}}, {"model": "product.productcontentsetting", "pk": 990, "fields": {"pcs_content": 1219, "pcs_setting": 7, "pcs_is_visible": true, "pcs_order": 135}}, {"model": "product.productcontentsetting", "pk": 991, "fields": {"pcs_content": 1220, "pcs_setting": 7, "pcs_is_visible": true, "pcs_order": 136}}, {"model": "product.productcontentsetting", "pk": 992, "fields": {"pcs_content": 1221, "pcs_setting": 7, "pcs_is_visible": true, "pcs_order": 137}}, {"model": "product.productcontentsetting", "pk": 993, "fields": {"pcs_content": 1222, "pcs_setting": 7, "pcs_is_visible": true, "pcs_order": 138}}, {"model": "product.productcontentsetting", "pk": 994, "fields": {"pcs_content": 1223, "pcs_setting": 7, "pcs_is_visible": true, "pcs_order": 139}}, {"model": "product.productcontentsetting", "pk": 995, "fields": {"pcs_content": 1224, "pcs_setting": 7, "pcs_is_visible": true, "pcs_order": 140}}, {"model": "product.productcontentsetting", "pk": 996, "fields": {"pcs_content": 1225, "pcs_setting": 7, "pcs_is_visible": true, "pcs_order": 141}}, {"model": "product.productcontentsetting", "pk": 997, "fields": {"pcs_content": 1226, "pcs_setting": 7, "pcs_is_visible": true, "pcs_order": 142}}, {"model": "product.productcontentsetting", "pk": 998, "fields": {"pcs_content": 1227, "pcs_setting": 7, "pcs_is_visible": true, "pcs_order": 143}}, {"model": "product.productcontentsetting", "pk": 999, "fields": {"pcs_content": 1228, "pcs_setting": 7, "pcs_is_visible": true, "pcs_order": 144}}, {"model": "product.productcontentsetting", "pk": 1000, "fields": {"pcs_content": 1229, "pcs_setting": 7, "pcs_is_visible": true, "pcs_order": 145}}, {"model": "product.productcontentsetting", "pk": 1001, "fields": {"pcs_content": 1230, "pcs_setting": 7, "pcs_is_visible": true, "pcs_order": 146}}, {"model": "product.productcontentsetting", "pk": 1002, "fields": {"pcs_content": 1231, "pcs_setting": 7, "pcs_is_visible": true, "pcs_order": 147}}, {"model": "product.productcontentsetting", "pk": 1003, "fields": {"pcs_content": 1232, "pcs_setting": 7, "pcs_is_visible": true, "pcs_order": 148}}, {"model": "product.productcontentsetting", "pk": 1004, "fields": {"pcs_content": 1233, "pcs_setting": 7, "pcs_is_visible": true, "pcs_order": 149}}, {"model": "product.productcontentsetting", "pk": 1005, "fields": {"pcs_content": 1234, "pcs_setting": 7, "pcs_is_visible": true, "pcs_order": 150}}, {"model": "product.productcontentsetting", "pk": 1006, "fields": {"pcs_content": 1235, "pcs_setting": 7, "pcs_is_visible": true, "pcs_order": 151}}, {"model": "product.productcontentsetting", "pk": 1007, "fields": {"pcs_content": 1236, "pcs_setting": 7, "pcs_is_visible": true, "pcs_order": 152}}, {"model": "product.productcontentsetting", "pk": 1008, "fields": {"pcs_content": 1237, "pcs_setting": 7, "pcs_is_visible": true, "pcs_order": 153}}, {"model": "product.productcontentsetting", "pk": 1009, "fields": {"pcs_content": 1238, "pcs_setting": 7, "pcs_is_visible": true, "pcs_order": 154}}, {"model": "product.productcontentsetting", "pk": 1010, "fields": {"pcs_content": 1239, "pcs_setting": 7, "pcs_is_visible": true, "pcs_order": 155}}, {"model": "product.productcontentsetting", "pk": 1011, "fields": {"pcs_content": 1240, "pcs_setting": 7, "pcs_is_visible": true, "pcs_order": 156}}, {"model": "product.productcontentsetting", "pk": 1012, "fields": {"pcs_content": 1241, "pcs_setting": 7, "pcs_is_visible": true, "pcs_order": 157}}, {"model": "product.productcontentsetting", "pk": 1013, "fields": {"pcs_content": 1242, "pcs_setting": 7, "pcs_is_visible": true, "pcs_order": 158}}, {"model": "product.productcontentsetting", "pk": 1014, "fields": {"pcs_content": 1243, "pcs_setting": 7, "pcs_is_visible": true, "pcs_order": 159}}, {"model": "product.productcontentsetting", "pk": 1015, "fields": {"pcs_content": 1244, "pcs_setting": 7, "pcs_is_visible": true, "pcs_order": 160}}, {"model": "product.productcontentsetting", "pk": 1016, "fields": {"pcs_content": 1245, "pcs_setting": 7, "pcs_is_visible": true, "pcs_order": 161}}, {"model": "product.productcontentsetting", "pk": 1017, "fields": {"pcs_content": 1246, "pcs_setting": 7, "pcs_is_visible": true, "pcs_order": 162}}, {"model": "product.productcontentsetting", "pk": 1018, "fields": {"pcs_content": 1247, "pcs_setting": 7, "pcs_is_visible": true, "pcs_order": 163}}, {"model": "product.productcontentsetting", "pk": 1019, "fields": {"pcs_content": 1248, "pcs_setting": 7, "pcs_is_visible": true, "pcs_order": 164}}, {"model": "product.productcontentsetting", "pk": 1020, "fields": {"pcs_content": 1249, "pcs_setting": 7, "pcs_is_visible": true, "pcs_order": 165}}, {"model": "product.productcontentsetting", "pk": 1021, "fields": {"pcs_content": 1250, "pcs_setting": 7, "pcs_is_visible": true, "pcs_order": 166}}, {"model": "product.productcontentsetting", "pk": 1022, "fields": {"pcs_content": 1251, "pcs_setting": 7, "pcs_is_visible": true, "pcs_order": 167}}, {"model": "product.productcontentsetting", "pk": 1023, "fields": {"pcs_content": 1252, "pcs_setting": 7, "pcs_is_visible": true, "pcs_order": 168}}, {"model": "product.productcontentsetting", "pk": 1024, "fields": {"pcs_content": 1253, "pcs_setting": 7, "pcs_is_visible": true, "pcs_order": 169}}, {"model": "product.productcontentsetting", "pk": 1025, "fields": {"pcs_content": 1254, "pcs_setting": 7, "pcs_is_visible": true, "pcs_order": 170}}, {"model": "product.productcontentsetting", "pk": 1026, "fields": {"pcs_content": 1255, "pcs_setting": 7, "pcs_is_visible": true, "pcs_order": 171}}, {"model": "product.productcontentsetting", "pk": 1027, "fields": {"pcs_content": 1256, "pcs_setting": 7, "pcs_is_visible": true, "pcs_order": 172}}, {"model": "product.productcontentsetting", "pk": 1028, "fields": {"pcs_content": 1257, "pcs_setting": 7, "pcs_is_visible": true, "pcs_order": 173}}, {"model": "product.productcontentsetting", "pk": 1029, "fields": {"pcs_content": 1258, "pcs_setting": 7, "pcs_is_visible": true, "pcs_order": 174}}, {"model": "product.productcontentsetting", "pk": 1030, "fields": {"pcs_content": 1259, "pcs_setting": 7, "pcs_is_visible": true, "pcs_order": 175}}, {"model": "product.productcontentsetting", "pk": 1031, "fields": {"pcs_content": 1260, "pcs_setting": 7, "pcs_is_visible": true, "pcs_order": 176}}, {"model": "product.productcontentsetting", "pk": 1032, "fields": {"pcs_content": 1261, "pcs_setting": 7, "pcs_is_visible": true, "pcs_order": 177}}, {"model": "product.productcontentsetting", "pk": 1033, "fields": {"pcs_content": 1262, "pcs_setting": 7, "pcs_is_visible": true, "pcs_order": 178}}, {"model": "product.productcontentsetting", "pk": 1034, "fields": {"pcs_content": 1263, "pcs_setting": 7, "pcs_is_visible": true, "pcs_order": 179}}, {"model": "product.productcontentsetting", "pk": 1035, "fields": {"pcs_content": 1264, "pcs_setting": 7, "pcs_is_visible": true, "pcs_order": 180}}, {"model": "product.productcontentsetting", "pk": 1036, "fields": {"pcs_content": 1265, "pcs_setting": 7, "pcs_is_visible": true, "pcs_order": 181}}, {"model": "product.productcontentsetting", "pk": 1037, "fields": {"pcs_content": 1266, "pcs_setting": 7, "pcs_is_visible": true, "pcs_order": 182}}, {"model": "product.productcontentsetting", "pk": 1038, "fields": {"pcs_content": 1267, "pcs_setting": 7, "pcs_is_visible": true, "pcs_order": 183}}, {"model": "product.productcontentsetting", "pk": 1039, "fields": {"pcs_content": 1268, "pcs_setting": 7, "pcs_is_visible": true, "pcs_order": 184}}, {"model": "product.productcontentsetting", "pk": 1040, "fields": {"pcs_content": 1269, "pcs_setting": 7, "pcs_is_visible": true, "pcs_order": 185}}, {"model": "product.productcontentsetting", "pk": 1041, "fields": {"pcs_content": 1270, "pcs_setting": 7, "pcs_is_visible": true, "pcs_order": 186}}, {"model": "product.productcontentsetting", "pk": 1042, "fields": {"pcs_content": 1271, "pcs_setting": 7, "pcs_is_visible": true, "pcs_order": 187}}, {"model": "product.productcontentsetting", "pk": 1043, "fields": {"pcs_content": 1272, "pcs_setting": 7, "pcs_is_visible": true, "pcs_order": 188}}, {"model": "product.productcontentsetting", "pk": 1044, "fields": {"pcs_content": 1273, "pcs_setting": 7, "pcs_is_visible": true, "pcs_order": 189}}, {"model": "product.productcontentsetting", "pk": 1045, "fields": {"pcs_content": 1274, "pcs_setting": 7, "pcs_is_visible": true, "pcs_order": 190}}, {"model": "product.productcontentsetting", "pk": 1046, "fields": {"pcs_content": 1275, "pcs_setting": 7, "pcs_is_visible": true, "pcs_order": 191}}, {"model": "product.productcontentsetting", "pk": 1047, "fields": {"pcs_content": 1276, "pcs_setting": 7, "pcs_is_visible": true, "pcs_order": 192}}, {"model": "product.productcontentsetting", "pk": 1048, "fields": {"pcs_content": 1277, "pcs_setting": 7, "pcs_is_visible": true, "pcs_order": 193}}, {"model": "product.productcontentsetting", "pk": 1049, "fields": {"pcs_content": 1278, "pcs_setting": 7, "pcs_is_visible": true, "pcs_order": 194}}, {"model": "product.productcontentsetting", "pk": 1050, "fields": {"pcs_content": 1279, "pcs_setting": 7, "pcs_is_visible": true, "pcs_order": 195}}, {"model": "product.productcontentsetting", "pk": 1051, "fields": {"pcs_content": 1280, "pcs_setting": 7, "pcs_is_visible": true, "pcs_order": 196}}, {"model": "product.productcontentsetting", "pk": 1052, "fields": {"pcs_content": 1281, "pcs_setting": 7, "pcs_is_visible": true, "pcs_order": 197}}, {"model": "product.productcontentsetting", "pk": 1053, "fields": {"pcs_content": 1282, "pcs_setting": 7, "pcs_is_visible": true, "pcs_order": 198}}, {"model": "product.productcontentsetting", "pk": 1054, "fields": {"pcs_content": 1283, "pcs_setting": 7, "pcs_is_visible": true, "pcs_order": 199}}, {"model": "product.productcontentsetting", "pk": 1055, "fields": {"pcs_content": 1284, "pcs_setting": 7, "pcs_is_visible": true, "pcs_order": 200}}, {"model": "product.productcontentsetting", "pk": 1056, "fields": {"pcs_content": 1285, "pcs_setting": 7, "pcs_is_visible": true, "pcs_order": 201}}, {"model": "product.productcontentsetting", "pk": 1057, "fields": {"pcs_content": 1286, "pcs_setting": 7, "pcs_is_visible": true, "pcs_order": 202}}, {"model": "product.productcontentsetting", "pk": 1058, "fields": {"pcs_content": 1287, "pcs_setting": 7, "pcs_is_visible": true, "pcs_order": 203}}, {"model": "product.productcontentsetting", "pk": 1059, "fields": {"pcs_content": 1288, "pcs_setting": 7, "pcs_is_visible": true, "pcs_order": 204}}, {"model": "product.productcontentsetting", "pk": 1060, "fields": {"pcs_content": 1289, "pcs_setting": 7, "pcs_is_visible": true, "pcs_order": 205}}, {"model": "product.productcontentsetting", "pk": 1061, "fields": {"pcs_content": 1290, "pcs_setting": 7, "pcs_is_visible": true, "pcs_order": 206}}, {"model": "product.productcontentsetting", "pk": 1062, "fields": {"pcs_content": 1291, "pcs_setting": 7, "pcs_is_visible": true, "pcs_order": 207}}, {"model": "product.productcontentsetting", "pk": 1063, "fields": {"pcs_content": 1292, "pcs_setting": 7, "pcs_is_visible": true, "pcs_order": 208}}, {"model": "product.productcontentsetting", "pk": 1064, "fields": {"pcs_content": 1293, "pcs_setting": 7, "pcs_is_visible": true, "pcs_order": 209}}, {"model": "product.productcontentsetting", "pk": 1065, "fields": {"pcs_content": 1294, "pcs_setting": 7, "pcs_is_visible": true, "pcs_order": 210}}, {"model": "product.productcontentsetting", "pk": 1066, "fields": {"pcs_content": 1295, "pcs_setting": 7, "pcs_is_visible": true, "pcs_order": 211}}, {"model": "product.productcontentsetting", "pk": 1067, "fields": {"pcs_content": 1296, "pcs_setting": 7, "pcs_is_visible": true, "pcs_order": 212}}, {"model": "product.productcontentsetting", "pk": 1068, "fields": {"pcs_content": 1297, "pcs_setting": 7, "pcs_is_visible": true, "pcs_order": 213}}, {"model": "product.productcontentsetting", "pk": 1069, "fields": {"pcs_content": 1298, "pcs_setting": 7, "pcs_is_visible": true, "pcs_order": 214}}, {"model": "product.productrelated", "pk": 1, "fields": {"prl_product": 1, "prl_related": 2, "prl_relation_type": "join", "prl_cross_identification": 177}}]