[{"model": "interfaces.application", "pk": 1, "fields": {"app_name": "release", "app_display_name": "Releases", "app_url": "/dri/apps/releases/", "app_short_description": "Summary information of DES releases and validation", "app_long_description": "It includes the following functionalities: <ul class=\"app-paragrafo2\"> <li>Flag images with artifacts</li>  <li>Add comments associated to a position (annotations)</li> <li>Ability to mark defects associated to position like Airplane trails, Bright horizontal stripes, Bright star, Cosmic Ray, Ghosts, Incomplete tile, Noisybackground, Satellite trails, Scattered light</li>  <li>Overlay of objects and object properties</li>  <li>View statistic of defects</li>  <li>Overlay of CCDs and mangle mask</li>  </ul>", "app_icon_cls": "fa-check", "app_icon_src": "resources/release.png", "app_video_src": null, "app_order": 1, "app_disabled": true}}, {"model": "interfaces.application", "pk": 2, "fields": {"app_name": "sky_viewer", "app_display_name": "Sky Viewer", "app_url": "/dri/apps/sky/", "app_short_description": "All-sky visualization of DES releases in grizY and RGB with overlay of tile grid and objects", "app_long_description": "The main functionalities are: <h2>Footprint</h2><ul class=\"app-paragrafo2\">  <li>All-sky visualization in spherical projection</li>    <li>grizY and RGB HiPS images for DES releases</li>    <li>HiPS images from other suverys like 2MASS, WISE, DSS, SDSS9 as well as extinction and Halpha maps for comparions</li>    <li>Visualization of HEALPIX maps</li>    <li>Hierarchical overlay of objects</li>    <li>Overlay of polygons like DES footprint, tile grid CCDs and healpix grid</li>    <li>Search by RA, Dec or tilename</li>    <li>Direct link to specific RA, Dec position specified in the URL</li>    <li>Export the current view to PNG</li>    <li>Access to Tile Viewer</li></ul> <h2>Mosaic</h2><ul class=\"app-paragrafo2\">    <li>Mosaic of thumbnails (400 x 400 pixels) for each tile in grizY and RGB for rapid evaluation of features in the co-add images</li>    <li>Ability to flag a tile</li>    <li>Link to the Tile Viewer</li></ul><h2>Tile List</h2><ul class=\"app-paragrafo2\">    <li>Information for each tile like Tilename, RA, Dec, l, b, and Dataset in a searchable and sortable table</li>    <li>Link to the Tile Viewer</li></ul>", "app_icon_cls": "fa-star", "app_icon_src": "resources/star.png", "app_video_src": "https://www.youtube.com/embed/n6POra35pwc", "app_order": 2, "app_disabled": false}}, {"model": "interfaces.application", "pk": 3, "fields": {"app_name": "target_viewer", "app_display_name": "Target Viewer", "app_url": "/dri/apps/target", "app_short_description": "Manage lists of targets with image display, cutouts, ranking and reject functionalities.", "app_long_description": "The main functionalities of the Target viewer are: <ul class=\"app-paragrafo2\"><li>Manage lists of targets</li> <li>Ability to upload</li> <li>Image preview</li> <li>List and Mosaic visualization</li>     <li>Ranking and reject</li>     <li>Ability to make FITS and PNG cutouts</li>     <li>SAbility to export target lists and cutouts</li> </ul>  <p class=\"app-paragrafo2\">Target Viewer has an extension called Target Properties based on the type of target.  For instance for a Galaxy Cluster target, we can overlay a circle representing its virial radius or overlay X-Ray contours, etc.</p>", "app_icon_cls": "fa-dot-circle-o", "app_icon_src": "resources/target.png", "app_video_src": "https://www.youtube.com/embed/osiGRNlMIT0", "app_order": 3, "app_disabled": false}}, {"model": "interfaces.application", "pk": 4, "fields": {"app_name": "sky_query", "app_display_name": "Sky Query", "app_url": "/dri/apps/", "app_short_description": "Query catalogs using sample queries or keep your own query library", "app_long_description": "---", "app_icon_cls": "fa-database", "app_icon_src": "resources/sq.png", "app_video_src": null, "app_order": 4, "app_disabled": true}}, {"model": "interfaces.application", "pk": 5, "fields": {"app_name": "upload", "app_display_name": "Upload", "app_url": "/dri/apps/", "app_short_description": "Upload external data to the Science Server", "app_long_description": "---", "app_icon_cls": "fa-upload", "app_icon_src": "resources/upload.png", "app_video_src": null, "app_order": 5, "app_disabled": true}}, {"model": "interfaces.application", "pk": 6, "fields": {"app_name": "cutout_server", "app_display_name": "Cutout Server", "app_url": "/dri/apps/", "app_short_description": "Create co-added or single epoch cutouts from a list of coordinates", "app_long_description": "---", "app_icon_cls": "fa-picture-o", "app_icon_src": "resources/cutout.png", "app_video_src": null, "app_order": 6, "app_disabled": true}}, {"model": "interfaces.application", "pk": 7, "fields": {"app_name": "science_products", "app_display_name": "Science Products", "app_url": "/dri/apps/products", "app_short_description": "Browse products created by the portal and collaboration.", "app_long_description": "<ul class=\"app-paragrafo2\">\r\n   <li>Filter by Release (e.g. Y1 Wide Survey), Dataset (e.g. S82), or Type (e.g. Targets, VACs, Masks)</li>\r\n   <li>Order and filter list of products by attributes (e.g. Type, Name, Owner)</li>\r\n</ul>", "app_icon_cls": "fa-leanpub", "app_icon_src": "resources/catalog.png", "app_video_src": "https://www.youtube.com/embed/7VfilGzeCyg", "app_order": 7, "app_disabled": false}}, {"model": "interfaces.application", "pk": 8, "fields": {"app_name": "user_query", "app_display_name": "User Query", "app_url": "/dri/apps/userquery/", "app_short_description": "", "app_long_description": "", "app_icon_cls": "", "app_icon_src": "", "app_video_src": "", "app_order": null, "app_disabled": false}}, {"model": "interfaces.application", "pk": 9, "fields": {"app_name": "tile_inspection", "app_display_name": "Tile Inspection", "app_url": "/dri/apps/eyeballing", "app_short_description": "", "app_long_description": "", "app_icon_cls": null, "app_icon_src": null, "app_video_src": "", "app_order": null, "app_disabled": false}}, {"model": "interfaces.tutorial", "pk": 3, "fields": {"application": 7, "ttr_title": "Science Products Overview", "ttr_src": "https://www.youtube.com/embed/7VfilGzeCyg", "ttr_description": ""}}, {"model": "interfaces.tutorial", "pk": 4, "fields": {"application": 3, "ttr_title": "Add Target List DB", "ttr_src": "https://www.youtube.com/embed/mXXFRq68TmM", "ttr_description": ""}}, {"model": "interfaces.tutorial", "pk": 5, "fields": {"application": 3, "ttr_title": "Add Target List Upload", "ttr_src": "https://www.youtube.com/embed/ppkG51Bl28A", "ttr_description": ""}}, {"model": "interfaces.tutorial", "pk": 6, "fields": {"application": 3, "ttr_title": "Download Mosaic", "ttr_src": "https://www.youtube.com/embed/fFiG2cHYiKU", "ttr_description": ""}}, {"model": "interfaces.tutorial", "pk": 7, "fields": {"application": 3, "ttr_title": "Mosaic Generation", "ttr_src": "https://www.youtube.com/embed/NlMQIlwovqc", "ttr_description": ""}}, {"model": "interfaces.tutorial", "pk": 8, "fields": {"application": 3, "ttr_title": "Overlay Catalog", "ttr_src": "https://www.youtube.com/embed/TyIhYwwHEgo", "ttr_description": ""}}, {"model": "interfaces.tutorial", "pk": 9, "fields": {"application": 3, "ttr_title": "Settings Columns", "ttr_src": "https://www.youtube.com/embed/XXqgDyiOdTo", "ttr_description": ""}}, {"model": "interfaces.tutorial", "pk": 10, "fields": {"application": 3, "ttr_title": "Explorer Coadd Object", "ttr_src": "https://www.youtube.com/embed/i20NHtnw7LQ", "ttr_description": ""}}, {"model": "interfaces.tutorial", "pk": 11, "fields": {"application": 3, "ttr_title": "Filter", "ttr_src": "https://www.youtube.com/embed/5iYBJ7ulkGs", "ttr_description": ""}}, {"model": "interfaces.tutorial", "pk": 12, "fields": {"application": 3, "ttr_title": "Image Preference", "ttr_src": "https://www.youtube.com/embed/WlF4QEuOUag", "ttr_description": ""}}, {"model": "interfaces.tutorial", "pk": 13, "fields": {"application": 3, "ttr_title": "Comments", "ttr_src": "https://www.youtube.com/embed/HW9OjA1FqUQ", "ttr_description": ""}}, {"model": "interfaces.tutorial", "pk": 14, "fields": {"application": 3, "ttr_title": "Crop", "ttr_src": "https://www.youtube.com/embed/OgxXCoLRZuY", "ttr_description": ""}}, {"model": "interfaces.tutorial", "pk": 15, "fields": {"application": 3, "ttr_title": "Download", "ttr_src": "https://www.youtube.com/embed/xNB28oZVmZw", "ttr_description": ""}}, {"model": "interfaces.tutorial", "pk": 16, "fields": {"application": 3, "ttr_title": "Mosaic Presentation", "ttr_src": "https://www.youtube.com/embed/iu8i0to9Jfk", "ttr_description": ""}}, {"model": "interfaces.tutorial", "pk": 17, "fields": {"application": 3, "ttr_title": "Rating Reject", "ttr_src": "https://www.youtube.com/embed/7eJxxKfjE8g", "ttr_description": ""}}, {"model": "interfaces.tutorial", "pk": 20, "fields": {"application": 2, "ttr_title": "Global Search", "ttr_src": "https://www.youtube.com/embed/sHdtM7cQ53w", "ttr_description": ""}}, {"model": "interfaces.tutorial", "pk": 21, "fields": {"application": 2, "ttr_title": "Image Viewer", "ttr_src": "https://youtube.com/embed/iaArOxWVuD4", "ttr_description": ""}}, {"model": "interfaces.tutorial", "pk": 22, "fields": {"application": 2, "ttr_title": "Overlay Catalog", "ttr_src": "https://youtube.com/embed/gLqVXY2oneM", "ttr_description": ""}}, {"model": "interfaces.tutorial", "pk": 23, "fields": {"application": 2, "ttr_title": "Settings", "ttr_src": "https://www.youtube.com/embed/-DEdCDg1GX4", "ttr_description": ""}}, {"model": "interfaces.tutorial", "pk": 24, "fields": {"application": 8, "ttr_title": "Create Execute Query", "ttr_src": "https://youtube.com/embed/TIl-KN4si8I", "ttr_description": ""}}, {"model": "interfaces.tutorial", "pk": 25, "fields": {"application": 8, "ttr_title": "View Query", "ttr_src": "https://youtube.com/embed/HnaxNB-O89o", "ttr_description": ""}}, {"model": "interfaces.tutorial", "pk": 26, "fields": {"application": 8, "ttr_title": "Download Query", "ttr_src": "https://youtube.com/embed/IQqEVtdxevY", "ttr_description": ""}}, {"model": "interfaces.tutorial", "pk": 27, "fields": {"application": 3, "ttr_title": "Explorer", "ttr_src": "https://www.youtube.com/embed/WUqyPTcVIsg", "ttr_description": ""}}, {"model": "interfaces.tutorial", "pk": 28, "fields": {"application": 9, "ttr_title": "Filter", "ttr_src": "https://www.youtube.com/embed/gDp4nWvJCVU", "ttr_description": ""}}, {"model": "interfaces.tutorial", "pk": 29, "fields": {"application": 9, "ttr_title": "Settings", "ttr_src": "https://www.youtube.com/embed/NEqNTs_GV-k", "ttr_description": ""}}, {"model": "interfaces.tutorial", "pk": 30, "fields": {"application": 9, "ttr_title": "Comments", "ttr_src": "https://www.youtube.com/embed/bve7IElE89Y", "ttr_description": ""}}, {"model": "interfaces.tutorial", "pk": 31, "fields": {"application": 9, "ttr_title": "Reporting", "ttr_src": "https://www.youtube.com/embed/vdKCp7vHc1A", "ttr_description": ""}}, {"model": "interfaces.tutorial", "pk": 32, "fields": {"application": 9, "ttr_title": "Position", "ttr_src": "https://www.youtube.com/embed/x44NVlY376c", "ttr_description": ""}}]